student_id,avg_attendance,attended_classes,total_classes,assignment_completion_percentage,avg_assignment_completion,avg_assignment_score,submitted_assignments,total_assignments,internal_marks,avg_internal_marks,avg_midterm_marks,avg_final_exam_marks,avg_total_marks,previous_gpa,study_hours_per_day,total_study_hours,total_sleep_hours,total_library_hours,total_self_study_hours,total_distraction_hours,total_practice_questions,avg_study_consistency,total_logins,total_video_minutes,total_resources_viewed,total_quiz_attempts,total_forum_posts,total_session_minutes,risk_level
STU00001,77.67,164,212,62.12,62.12,46.33,30,50,46.54,29.2,22.8,23.2,75.2,5.9,4.34,41.52,62.66,26.54,28.0,16.84,202,5.9,87,1886,182,45,53,2726,High
STU00002,68.97,139,199,54.22,54.22,67.03,28,51,56.28,28.8,20.6,24.4,73.8,9.71,3.83,43.62,70.65,22.97,34.34,20.85,220,5.3,71,1949,103,50,51,2904,Low
STU00003,74.06,146,200,71.36,71.36,66.02,33,47,54.3,30.2,19.6,27.2,77.0,6.97,4.2,36.64,70.54,24.76,30.6,27.91,269,4.1,76,1496,177,39,41,2117,Medium
STU00004,73.78,159,214,69.8,69.8,61.21,36,53,52.99,29.6,22.2,25.4,77.2,5.34,3.92,34.62,65.85,18.85,43.69,18.16,285,4.8,83,1986,187,46,46,2441,High
STU00005,71.26,158,225,47.36,47.36,87.02,22,48,68.84,23.2,20.2,28.6,72.0,5.64,5.68,36.89,67.94,24.2,35.31,26.51,271,4.5,82,1915,164,53,50,2296,Medium
STU00006,81.33,175,213,63.74,63.74,61.57,32,51,74.14,32.8,21.6,25.2,79.6,7.17,6.35,43.53,65.19,23.03,32.13,21.89,199,5.1,85,1859,183,48,43,1907,Low
STU00007,83.26,169,201,60.45,60.45,69.38,27,47,61.72,29.4,19.8,23.0,72.2,9.76,2.15,40.89,71.58,24.1,40.49,31.57,336,5.4,80,2466,121,44,59,2397,Low
STU00008,79.14,177,224,60.23,60.23,57.63,30,50,59.36,30.8,22.0,23.4,76.2,4.9,7.82,34.17,69.21,21.13,42.21,35.28,191,6.2,89,2000,168,43,53,2516,Medium
STU00009,84.36,171,202,71.61,71.61,71.03,35,49,40.77,28.6,25.2,22.8,76.6,6.09,2.22,40.29,62.7,24.75,23.98,24.98,281,4.1,67,1659,176,49,45,2409,High
STU00010,90.32,202,224,78.22,78.22,71.77,37,47,53.7,31.6,20.6,24.0,76.2,6.03,5.5,45.79,68.48,24.51,22.64,31.1,283,5.7,80,1333,150,43,55,1981,High
STU00011,78.41,158,204,78.83,78.83,71.75,38,48,56.03,33.4,20.4,28.2,82.0,6.36,1.18,43.38,64.44,29.77,38.96,17.8,275,5.5,72,1584,167,62,46,2296,High
STU00012,79.14,159,201,76.21,76.21,60.9,36,47,51.11,27.0,23.6,24.0,74.6,5.52,4.76,41.58,71.86,30.29,28.91,20.46,280,6.4,65,2126,142,53,42,2130,High
STU00013,69.63,153,220,74.09,74.09,68.52,37,52,53.02,29.4,18.6,25.6,73.6,9.21,2.35,30.22,65.18,21.31,33.93,26.01,302,4.5,81,1641,154,54,54,2265,High
STU00014,68.94,142,206,73.52,73.52,68.66,39,52,56.48,24.0,19.8,24.2,68.0,9.46,5.02,37.28,72.1,24.59,34.91,21.32,202,4.3,73,1757,155,51,54,2098,Medium
STU00015,67.48,141,208,75.45,75.45,62.91,40,54,53.79,33.0,24.6,21.6,79.2,5.13,3.47,44.57,68.77,26.73,24.95,32.84,234,7.8,89,1807,178,51,40,2473,High
STU00016,82.67,170,207,71.94,71.94,60.25,37,51,54.02,32.0,25.8,24.4,82.2,7.42,2.06,38.58,65.62,24.3,41.68,20.77,139,3.1,73,2014,114,54,54,2402,High
STU00017,63.94,141,218,41.82,41.82,50.91,21,51,34.67,29.4,23.4,23.4,76.2,5.8,1.16,41.22,70.77,30.39,42.26,26.15,203,7.1,60,2070,148,42,48,2128,High
STU00018,74.67,160,218,72.78,72.78,62.76,34,48,71.05,28.4,21.8,24.4,74.6,8.96,7.04,48.24,64.47,34.85,35.3,26.04,268,6.5,84,1605,185,44,62,1903,Low
STU00019,77.57,160,208,68.17,68.17,65.3,32,46,61.29,36.0,20.4,23.6,80.0,9.95,2.9,46.29,66.94,23.55,31.35,24.28,301,6.0,64,1920,143,64,52,2426,Medium
STU00020,72.14,145,202,68.89,68.89,68.28,35,51,60.3,30.8,21.4,25.4,77.6,8.92,3.81,38.22,65.8,24.28,34.49,28.57,337,4.4,98,1543,163,55,47,2384,Low
STU00021,70.76,149,209,82.44,82.44,64.68,44,52,78.06,29.4,22.2,24.0,75.6,4.78,7.67,29.83,69.13,22.26,27.75,20.02,175,5.1,80,1834,126,44,50,2412,Low
STU00022,75.43,159,211,83.88,83.88,73.83,45,53,42.79,27.2,22.4,25.6,75.2,8.26,1.96,37.08,71.09,22.2,38.08,24.36,167,5.1,85,2033,128,55,52,2069,High
STU00023,84.81,171,203,76.45,76.45,73.26,34,45,65.63,34.6,22.8,22.6,80.0,9.91,1.47,56.19,68.51,25.26,29.14,28.15,234,4.1,75,1904,166,45,44,2601,Medium
STU00024,68.39,151,222,71.23,71.23,65.98,38,53,58.9,30.2,22.6,25.0,77.8,5.01,6.82,44.08,71.11,27.03,25.93,17.16,215,3.6,62,1694,159,55,44,2057,Medium
STU00025,66.65,144,217,56.36,56.36,72.87,29,52,50.88,30.0,23.8,24.8,78.6,8.0,4.71,41.71,72.91,25.9,31.42,30.08,268,6.3,86,1837,178,54,45,2649,Medium
STU00026,79.95,176,219,49.52,49.52,59.38,26,52,60.61,28.6,23.8,25.2,77.6,8.07,2.76,44.89,68.26,19.58,28.01,23.24,254,4.7,71,1343,129,57,50,1984,Medium
STU00027,82.32,176,212,60.13,60.13,49.31,30,51,54.92,35.8,20.8,25.0,81.6,8.95,3.54,41.87,64.9,19.91,36.11,27.15,231,6.3,80,1536,152,44,39,2468,Medium
STU00028,74.95,151,208,68.67,68.67,64.16,33,48,55.77,28.4,25.0,24.4,77.8,9.12,4.13,45.69,64.28,30.84,33.67,21.56,310,5.1,72,2315,182,54,50,2744,Medium
STU00029,74.33,156,212,53.56,53.56,87.17,29,53,59.87,33.8,23.8,26.2,83.8,8.07,3.95,46.67,75.86,26.24,25.91,30.75,345,5.9,74,2148,178,29,44,2605,High
STU00030,72.12,143,202,62.22,62.22,53.42,33,50,32.99,30.0,19.2,23.8,73.0,6.75,1.03,33.95,63.29,21.59,31.2,25.34,277,5.2,72,1608,184,41,59,2085,High
STU00031,71.21,153,217,73.52,73.52,68.42,38,52,74.4,29.4,19.8,24.6,73.8,9.58,5.4,39.73,57.55,29.43,42.05,25.25,257,5.8,91,1605,177,44,57,2182,Low
STU00032,79.43,175,222,81.67,81.67,56.69,34,42,52.98,23.4,23.0,23.6,70.0,6.23,3.31,34.99,72.91,24.9,39.6,23.74,258,6.1,84,2077,170,53,54,2546,High
STU00033,70.2,144,206,66.14,66.14,73.5,30,46,47.27,32.4,20.4,23.6,76.4,8.05,3.93,49.4,65.99,19.43,34.38,33.67,277,5.5,81,1956,107,56,55,2334,High
STU00034,76.87,161,211,48.23,48.23,78.93,26,53,36.04,33.8,19.6,24.8,78.2,6.87,1.09,36.26,69.57,27.89,26.47,27.36,225,6.1,58,1230,119,59,46,2509,High
STU00035,78.4,172,217,82.87,82.87,67.43,43,52,64.28,31.8,23.4,27.2,82.4,7.0,6.93,38.0,70.06,23.26,39.2,22.49,327,5.4,87,1799,126,47,54,2153,Low
STU00036,84.66,167,195,71.72,71.72,70.94,34,50,44.46,26.4,20.0,26.4,72.8,8.77,1.82,46.89,68.76,27.98,29.01,30.05,253,4.3,81,1790,162,56,51,2654,High
STU00037,66.05,139,210,64.55,64.55,61.63,31,47,62.78,30.0,23.0,24.0,77.0,9.33,4.15,42.79,61.49,19.86,29.94,19.65,222,4.4,92,1969,155,52,56,2481,Low
STU00038,79.63,164,208,56.57,56.57,64.82,26,48,67.65,32.2,25.8,23.8,81.8,8.8,5.49,35.19,71.27,27.23,27.63,18.29,163,4.3,60,1729,136,42,64,1978,Low
STU00039,70.93,142,199,67.06,67.06,60.21,30,45,62.6,29.2,22.2,26.4,77.8,8.54,4.83,41.98,61.94,26.31,38.05,19.34,239,6.3,74,1970,125,72,56,2357,Low
STU00040,67.79,152,225,85.88,85.88,67.88,46,54,67.82,31.0,23.8,25.6,80.4,8.97,4.8,56.01,68.77,26.4,42.68,16.36,229,5.5,74,1848,180,40,46,2552,Low
STU00041,63.63,132,207,82.05,82.05,72.88,44,54,55.3,32.2,23.8,24.6,80.6,7.7,4.0,43.37,63.35,24.51,29.81,21.48,271,4.2,77,2044,138,45,46,2103,High
STU00042,83.2,186,224,49.4,49.4,62.23,24,50,49.41,28.8,23.0,24.0,75.8,5.53,3.95,58.58,64.39,23.46,28.87,31.1,281,6.2,74,1978,125,54,48,3019,High
STU00043,73.5,161,217,64.58,64.58,74.41,30,49,51.12,34.4,21.8,23.8,80.0,6.64,1.69,44.98,66.7,24.0,25.91,30.11,257,5.6,71,2303,133,45,45,2709,High
STU00044,72.58,162,223,74.33,74.33,58.17,40,53,60.67,34.0,22.2,26.8,83.0,9.69,2.37,39.19,70.56,21.54,29.35,30.5,371,4.0,91,1795,118,51,57,2410,Medium
STU00045,63.25,134,212,65.3,65.3,86.25,34,52,47.85,30.8,20.4,26.0,77.2,6.77,4.4,47.49,61.38,22.61,46.09,24.04,220,5.9,77,1962,155,40,57,2470,High
STU00046,73.35,146,202,92.88,92.88,71.32,52,56,38.26,28.4,22.8,23.6,74.8,7.04,1.0,35.56,70.58,33.16,29.4,29.71,181,5.2,79,1805,137,46,37,2458,High
STU00047,79.42,173,218,68.41,68.41,63.91,34,51,52.74,32.4,21.6,23.2,77.2,5.96,1.83,36.48,73.92,23.94,31.45,21.56,294,5.1,78,1487,145,58,42,2181,High
STU00048,76.25,170,221,69.91,69.91,62.12,38,53,65.18,30.4,21.8,26.8,79.0,6.98,6.28,55.11,65.66,13.99,38.63,29.29,306,4.7,83,1891,176,52,51,2531,Low
STU00049,84.49,178,207,66.97,66.97,51.96,33,49,71.5,29.8,22.2,24.6,76.6,7.56,3.88,54.82,72.64,26.56,29.18,23.24,276,6.3,84,1721,132,58,54,2182,Medium
STU00050,68.17,149,217,82.2,82.2,71.2,41,51,58.48,27.8,20.8,23.0,71.6,6.71,4.89,32.37,60.83,25.43,37.4,27.27,278,4.7,69,1844,158,55,50,2307,Medium
STU00051,64.65,136,209,55.56,55.56,76.17,28,51,73.9,32.0,21.4,26.8,80.2,7.0,6.94,40.59,67.95,23.09,37.76,33.22,308,3.7,89,2319,175,60,62,2496,Low
STU00052,76.25,151,197,78.73,78.73,77.25,41,51,51.33,27.8,24.2,23.6,75.6,6.54,3.4,52.26,69.78,28.64,33.61,21.58,217,4.5,95,1971,185,50,60,2204,Medium
STU00053,78.9,160,206,62.48,62.48,69.8,32,52,57.55,32.4,21.8,24.8,79.0,5.45,6.35,42.33,65.63,19.73,27.49,21.67,266,4.0,89,1917,131,53,33,2933,High
STU00054,80.91,174,215,70.23,70.23,65.7,31,44,67.01,32.8,20.6,22.6,76.0,7.92,7.05,50.73,66.33,23.46,38.4,29.18,265,7.0,88,1869,137,50,60,2826,Low
STU00055,83.99,173,207,65.39,65.39,79.63,36,55,59.83,27.6,22.2,25.8,75.6,7.03,6.87,41.16,63.43,27.31,30.2,22.34,252,5.5,70,1990,156,42,59,2903,Medium
STU00056,76.54,180,234,81.33,81.33,64.16,40,50,44.98,29.6,24.4,24.6,78.6,8.43,3.77,36.14,62.84,21.53,32.33,29.31,353,5.3,75,1869,154,47,64,2986,Medium
STU00057,70.79,139,195,77.5,77.5,63.59,35,45,51.42,29.6,22.4,25.4,77.4,5.64,3.07,53.29,74.27,26.66,36.22,28.29,234,6.3,80,1768,203,50,48,2358,High
STU00058,88.07,192,218,65.73,65.73,49.52,33,51,55.14,26.2,22.2,22.4,70.8,6.7,3.18,37.8,66.14,26.55,28.29,28.4,175,5.1,82,2089,151,53,57,2850,High
STU00059,84.5,179,209,65.78,65.78,72.96,36,55,52.97,30.6,22.4,23.2,76.2,8.48,3.57,35.58,75.39,37.5,34.07,25.31,173,5.1,82,1814,168,51,52,1920,Medium
STU00060,69.93,146,209,53.23,53.23,69.6,24,48,53.79,30.6,23.2,23.4,77.2,5.19,4.55,44.34,75.57,26.71,23.07,23.21,129,6.5,72,1902,152,46,42,2150,High
STU00061,76.23,158,211,57.78,57.78,67.38,27,46,47.01,34.4,17.2,25.0,76.6,5.4,3.23,51.5,67.11,19.97,35.95,27.77,267,4.1,74,2036,139,68,41,2465,High
STU00062,70.31,146,205,69.97,69.97,64.33,32,46,58.15,26.2,20.0,24.4,70.6,7.52,3.95,48.94,70.71,26.95,39.41,30.74,208,6.5,71,1665,162,49,55,2416,Medium
STU00063,69.82,153,224,68.78,68.78,61.3,38,55,75.8,33.2,25.2,26.6,85.0,7.59,6.26,42.98,61.64,16.14,46.46,32.41,324,5.9,81,1893,132,34,53,2906,Low
STU00064,71.75,168,230,52.07,52.07,62.83,25,51,64.49,28.0,23.8,26.0,77.8,9.41,3.96,52.94,66.73,29.48,32.39,23.28,248,6.0,73,2046,174,52,40,2671,Medium
STU00065,66.8,137,208,72.63,72.63,69.87,35,49,59.72,30.8,23.2,24.2,78.2,6.52,7.69,52.92,68.94,18.6,43.23,20.3,230,5.6,67,1568,159,44,55,1655,Medium
STU00066,74.51,155,205,70.83,70.83,63.72,33,48,46.35,24.8,21.8,25.6,72.2,6.61,2.53,48.64,75.51,17.97,35.22,19.93,207,5.9,80,1938,164,59,24,1972,High
STU00067,77.14,173,223,57.95,57.95,64.98,30,52,32.19,25.2,25.0,26.2,76.4,5.81,1.63,49.17,63.53,27.63,31.06,26.53,192,6.3,72,1199,176,53,51,2243,High
STU00068,73.46,167,226,56.97,56.97,64.86,32,55,43.32,30.2,25.2,26.2,81.6,7.24,3.41,35.0,66.03,36.38,35.46,28.27,242,5.5,91,1424,139,61,48,1922,High
STU00069,91.7,184,201,75.03,75.03,63.47,38,51,43.46,28.8,23.2,25.0,77.0,6.28,2.93,56.63,73.83,22.38,26.75,29.2,281,6.6,68,1938,183,60,46,2749,High
STU00070,81.04,165,205,60.79,60.79,59.75,31,49,57.78,28.6,23.4,23.8,75.8,8.96,3.32,37.18,69.52,26.72,28.37,30.83,289,6.3,87,1512,124,49,54,1976,Medium
STU00071,82.16,172,213,54.02,54.02,53.53,27,51,47.1,26.2,21.0,26.2,73.4,7.24,2.52,43.22,65.41,26.2,37.97,20.0,278,4.3,71,1662,142,57,46,2109,High
STU00072,69.33,155,228,49.53,49.53,77.73,26,54,48.77,32.6,22.4,25.8,80.8,6.7,5.37,30.94,74.66,23.24,27.47,29.81,232,5.9,69,1633,156,52,45,2092,High
STU00073,78.44,165,211,70.0,70.0,64.63,32,46,49.36,27.6,25.6,25.0,78.2,5.7,3.77,32.72,60.61,25.22,25.21,27.68,291,5.1,87,1864,131,43,47,2178,High
STU00074,78.25,155,200,63.34,63.34,67.32,30,50,80.75,31.2,23.2,23.0,77.4,9.65,7.86,28.94,72.97,24.33,31.01,28.45,266,5.6,87,2472,160,48,63,2485,Low
STU00075,67.83,147,214,76.21,76.21,69.2,36,48,64.0,30.8,20.2,25.4,76.4,7.35,3.41,39.2,63.97,24.83,35.11,27.05,289,4.3,69,1638,159,42,45,1985,High
STU00076,73.26,158,214,54.22,54.22,59.68,28,53,52.94,27.4,24.0,26.0,77.4,7.96,4.96,49.24,59.76,17.14,41.03,16.43,232,5.2,79,1861,157,49,52,2493,Medium
STU00077,80.38,168,211,52.67,52.67,80.32,26,50,54.59,30.4,19.8,25.2,75.4,7.61,6.53,44.39,69.26,31.51,30.79,27.31,327,5.3,78,1851,169,37,39,2656,Medium
STU00078,71.13,144,200,70.67,70.67,60.5,38,53,46.7,33.4,21.4,24.8,79.6,5.67,1.23,41.73,62.55,23.01,28.49,16.15,240,8.2,80,1588,140,33,46,2435,High
STU00079,71.55,149,210,71.1,71.1,69.82,33,46,80.21,32.6,23.4,26.2,82.2,9.99,7.34,54.23,71.23,20.78,25.96,23.86,283,5.9,77,1453,144,46,55,2131,Low
STU00080,78.57,143,182,85.61,85.61,56.55,41,48,63.24,27.2,22.8,24.8,74.8,7.57,2.76,28.02,67.52,35.63,31.95,18.98,283,6.0,70,1608,121,58,47,2828,Medium
STU00081,87.94,182,207,60.5,60.5,76.05,31,52,32.84,29.8,23.2,25.2,78.2,4.92,1.79,39.83,61.42,26.23,32.33,26.56,304,5.8,72,1662,168,40,50,2309,High
STU00082,84.26,170,204,56.7,56.7,69.25,29,51,56.83,29.4,19.0,25.6,74.0,6.5,7.31,42.9,70.23,17.27,28.91,27.69,197,5.7,77,1565,156,55,49,2331,Medium
STU00083,76.56,158,206,73.13,73.13,69.01,37,52,43.54,31.2,22.2,22.6,76.0,9.98,2.27,44.51,69.84,28.0,34.37,26.88,290,7.3,75,1549,169,51,41,2234,Medium
STU00084,70.48,149,211,62.74,62.74,72.15,30,48,51.49,30.0,23.6,24.4,78.0,7.8,5.93,39.34,77.85,20.87,33.71,17.23,307,7.0,76,1775,135,38,45,2786,Medium
STU00085,70.7,153,214,73.66,73.66,63.45,36,49,57.62,27.8,25.2,27.6,80.6,9.81,3.59,47.66,63.49,27.03,38.99,26.02,195,6.1,98,1735,157,46,46,2373,Medium
STU00086,82.43,165,200,72.44,72.44,66.76,34,47,60.63,29.0,22.4,24.6,76.0,4.88,4.33,48.05,68.11,23.45,29.51,22.27,175,6.1,68,1811,166,40,49,2636,High
STU00087,77.33,159,205,64.83,64.83,66.54,32,50,59.08,28.0,19.6,23.0,70.6,5.91,5.23,43.98,67.66,28.96,41.27,28.34,198,5.3,85,1660,152,45,40,2906,High
STU00088,77.6,162,211,76.69,76.69,73.09,35,46,54.49,28.2,20.4,24.8,73.4,6.77,2.71,41.44,71.94,24.85,34.3,26.09,270,3.7,82,2033,164,63,60,1987,High
STU00089,88.39,179,204,70.0,70.0,78.56,36,54,35.44,29.8,21.2,27.4,78.4,4.91,1.02,46.56,67.9,27.8,26.43,24.47,232,4.4,66,2001,164,44,56,2574,High
STU00090,80.95,160,200,57.71,57.71,69.65,29,52,54.76,30.2,22.0,24.4,76.6,8.88,6.79,27.5,63.06,35.21,26.25,25.64,264,5.0,70,1835,137,56,55,2286,Medium
STU00091,84.16,176,209,73.17,73.17,59.52,38,52,69.66,32.8,20.4,23.2,76.4,5.51,6.76,33.84,69.16,20.45,28.7,29.88,268,3.8,102,1942,155,46,53,2154,Medium
STU00092,73.5,150,203,57.05,57.05,74.39,29,51,59.21,32.0,25.4,25.4,82.8,8.9,7.43,46.54,68.31,31.32,32.81,26.25,292,6.8,55,1584,134,56,39,2440,Low
STU00093,71.8,149,212,70.82,70.82,71.91,36,51,69.41,34.8,23.2,25.2,83.2,6.42,7.56,39.19,70.07,20.9,26.61,28.52,307,3.1,74,1410,203,53,55,2955,Medium
STU00094,74.46,154,207,59.82,59.82,75.51,31,52,76.97,32.4,21.8,25.0,79.2,9.52,6.87,42.05,70.79,20.98,33.58,26.84,260,5.6,87,1575,122,43,69,3111,Low
STU00095,77.98,165,216,66.86,66.86,70.08,32,49,62.68,32.6,22.6,25.0,80.2,4.61,6.29,28.07,70.65,16.33,31.73,19.0,222,5.3,52,1972,144,67,56,2280,Medium
STU00096,72.57,142,195,82.88,82.88,62.99,44,53,47.84,28.2,22.4,24.2,74.8,4.67,4.99,42.85,73.33,19.28,30.04,30.3,256,4.6,88,1711,126,48,50,2965,High
STU00097,77.12,165,215,60.33,60.33,80.08,30,51,62.42,28.0,19.8,24.0,71.8,9.8,3.78,35.35,65.76,25.86,33.78,23.74,329,5.6,67,1687,158,52,54,2211,Low
STU00098,68.37,147,212,83.4,83.4,75.07,46,54,76.3,29.2,23.6,24.4,77.2,6.5,7.06,45.09,66.92,21.55,34.3,31.85,320,5.0,59,1666,146,46,42,2361,Low
STU00099,82.93,180,218,59.79,59.79,78.85,29,49,75.26,32.8,27.8,25.2,85.8,5.47,7.6,46.33,70.09,32.63,38.57,22.34,287,5.7,89,1683,140,36,41,2377,Low
STU00100,73.54,162,219,62.22,62.22,58.96,33,51,68.6,32.0,20.4,25.6,78.0,6.45,8.0,33.08,67.82,24.89,34.5,17.74,226,5.7,71,1798,115,56,51,2509,Low
STU00101,90.88,179,197,60.32,60.32,62.39,31,52,68.57,31.8,20.8,22.8,75.4,8.92,7.0,46.35,66.44,22.78,32.41,22.66,296,6.8,106,1664,151,57,48,2225,Low
STU00102,83.26,171,203,72.43,72.43,65.6,36,51,58.1,29.2,22.4,25.4,77.0,6.32,7.96,41.76,71.64,24.37,30.11,24.31,268,5.8,77,1785,123,45,42,2140,Low
STU00103,90.09,185,204,41.83,41.83,63.71,23,54,75.81,29.2,21.4,26.4,77.0,7.84,6.55,60.73,65.11,29.1,35.34,23.36,287,4.8,85,1867,151,55,56,2586,Low
STU00104,83.3,165,197,64.0,64.0,59.82,30,47,65.47,32.4,25.8,24.2,82.4,8.23,2.84,41.81,74.79,19.23,29.52,34.27,335,6.4,78,1755,156,41,41,2285,Low
STU00105,80.66,181,227,76.28,76.28,72.98,39,51,55.41,31.0,23.0,26.6,80.6,6.05,4.85,50.29,67.25,25.62,31.83,20.12,231,6.2,70,1729,147,51,38,1881,High
STU00106,70.8,140,199,74.5,74.5,65.86,36,48,76.4,29.6,19.0,25.6,74.2,4.96,6.88,42.67,72.96,26.95,35.55,20.9,320,4.4,91,1740,129,63,65,3412,Low
STU00107,78.19,174,222,75.78,75.78,64.42,35,46,66.47,27.2,19.0,22.2,68.4,5.24,6.9,35.77,66.01,29.46,36.81,26.93,260,4.2,69,1429,181,38,50,2922,Medium
STU00108,76.56,150,195,58.51,58.51,70.29,28,47,45.03,33.2,21.6,24.2,79.0,7.7,3.76,33.19,63.83,27.49,34.88,27.54,172,4.9,88,1684,131,49,61,2501,High
STU00109,78.83,151,190,58.81,58.81,73.07,30,51,45.59,30.0,23.4,25.8,79.2,5.05,1.42,45.08,72.41,29.45,43.44,28.47,263,3.7,76,1369,171,53,49,2551,High
STU00110,56.84,132,231,58.85,58.85,76.42,27,47,60.79,26.6,24.6,24.2,75.4,9.55,6.53,44.2,67.19,25.69,28.55,15.34,182,6.3,69,1786,164,50,54,2142,Low
STU00111,73.63,143,195,60.91,60.91,71.45,31,51,52.82,28.4,28.0,22.8,79.2,6.37,1.39,41.98,70.28,23.31,33.98,23.42,266,6.9,64,1741,134,57,44,1762,High
STU00112,76.65,164,218,73.61,73.61,67.81,35,47,56.35,29.6,21.2,24.4,75.2,6.67,2.68,32.1,65.66,22.68,38.99,24.67,269,7.3,93,2073,145,45,53,1917,High
STU00113,80.16,179,221,60.59,60.59,71.91,27,45,58.43,29.4,19.4,21.6,70.4,5.23,3.84,47.15,68.8,25.76,28.28,27.63,263,4.9,79,1617,136,67,59,2938,High
STU00114,82.66,172,209,58.05,58.05,77.77,29,49,52.16,32.4,24.8,22.2,79.4,9.1,2.94,47.49,73.76,22.75,37.6,23.62,290,5.3,80,1441,171,59,45,2325,Medium
STU00115,86.74,186,211,59.17,59.17,79.61,27,47,60.0,29.8,24.4,22.8,77.0,6.93,7.18,39.41,73.22,22.96,38.85,26.4,246,5.8,75,1913,160,42,48,2162,Medium
STU00116,68.95,158,232,65.91,65.91,82.78,34,53,65.55,29.2,20.4,25.4,75.0,8.75,7.77,39.6,69.95,21.49,32.09,26.78,254,5.1,80,1526,120,43,58,2998,Low
STU00117,85.34,163,191,60.28,60.28,64.88,30,51,61.55,27.4,25.0,23.6,76.0,9.54,6.29,38.18,71.11,22.14,36.14,31.48,196,4.7,73,1614,166,58,58,1891,Low
STU00118,72.83,153,209,79.8,79.8,65.99,38,48,62.76,29.0,23.8,24.2,77.0,7.37,6.9,50.04,70.53,26.35,29.1,24.29,305,5.5,91,1689,166,57,49,2841,Medium
STU00119,59.9,128,216,72.83,72.83,78.87,33,45,54.4,30.8,22.2,25.2,78.2,9.64,3.03,50.01,70.69,29.0,38.76,31.28,163,5.2,81,1913,138,48,58,2120,Medium
STU00120,69.52,165,237,47.15,47.15,71.44,23,49,74.86,32.6,23.6,24.0,80.2,8.48,6.38,41.09,67.52,23.27,36.59,25.34,291,4.1,71,1614,148,43,36,3223,Low
STU00121,75.0,156,209,62.33,62.33,73.09,29,47,68.01,32.2,18.4,27.8,78.4,5.38,4.33,54.02,71.3,25.77,32.26,28.23,219,6.6,83,1659,133,59,45,2758,Medium
STU00122,69.44,153,220,52.33,52.33,65.54,29,55,62.18,30.0,22.0,26.8,78.8,9.92,5.14,36.1,67.72,19.52,27.87,33.1,259,3.9,66,1711,123,45,52,2320,Low
STU00123,81.06,173,215,67.0,67.0,69.96,36,54,61.03,33.8,21.8,28.2,83.8,8.08,6.97,46.61,71.44,20.18,35.12,16.73,223,5.9,77,2017,140,54,47,2213,Low
STU00124,71.67,158,219,47.31,47.31,74.07,24,50,60.42,30.6,21.2,25.4,77.2,9.77,3.91,46.15,68.62,29.58,38.42,20.87,245,4.1,84,1770,131,47,49,2857,Medium
STU00125,82.61,162,199,49.27,49.27,66.56,25,51,65.37,29.8,26.4,24.6,80.8,9.6,7.63,35.56,64.71,21.2,27.13,31.62,225,4.2,86,1405,155,48,49,1656,Low
STU00126,84.87,187,221,76.79,76.79,66.1,34,44,74.02,31.2,24.6,25.8,81.6,8.95,7.89,54.64,67.93,28.37,30.57,35.66,259,7.0,79,1516,144,55,49,2036,Low
STU00127,67.77,138,201,75.33,75.33,76.47,39,53,39.64,29.8,20.6,26.6,77.0,6.74,4.48,36.64,67.0,22.44,32.09,24.95,220,5.3,85,1830,142,57,47,2282,High
STU00128,73.73,151,204,68.69,68.69,57.68,34,51,64.02,35.4,23.8,22.8,82.0,8.99,4.98,41.5,61.97,18.08,40.08,21.89,349,5.9,79,1592,170,43,69,2582,Low
STU00129,76.77,163,212,62.42,62.42,71.78,30,49,51.93,30.4,24.2,24.4,79.0,8.01,1.71,52.22,69.08,29.22,30.75,32.5,186,5.8,88,1662,118,65,43,2080,Medium
STU00130,71.95,151,207,71.33,71.33,63.77,37,51,69.47,26.2,21.2,23.4,70.8,7.96,7.75,48.72,64.62,26.72,31.5,19.31,186,5.0,91,1894,140,52,50,2158,Low
STU00131,73.65,161,219,61.61,61.61,65.03,28,48,51.8,26.0,23.0,23.6,72.6,6.76,4.24,43.53,69.09,23.05,39.55,22.41,267,6.1,88,1602,147,54,51,2178,High
STU00132,75.28,153,207,60.94,60.94,69.79,33,53,67.74,33.2,20.6,26.2,80.0,8.1,5.3,49.86,61.51,24.59,35.26,22.59,263,7.7,84,1992,161,59,48,2789,Medium
STU00133,67.62,133,198,69.18,69.18,69.58,33,47,62.14,33.4,23.4,26.2,83.0,8.16,6.79,48.31,63.62,32.52,27.3,23.38,278,6.7,78,1736,95,42,59,2620,Medium
STU00134,76.79,169,221,72.83,72.83,74.88,36,50,52.07,33.4,25.0,25.2,83.6,7.5,1.22,37.81,64.41,24.36,32.23,24.55,295,5.7,68,1555,183,48,45,2240,High
STU00135,64.52,133,206,40.27,40.27,77.92,19,49,59.14,28.4,19.6,26.6,74.6,8.55,5.15,39.79,61.98,33.16,32.53,26.68,221,5.1,66,1569,156,53,51,2560,Low
STU00136,87.51,195,223,54.22,54.22,67.71,30,55,58.33,28.8,22.2,23.8,74.8,6.97,3.88,34.95,66.12,25.49,32.22,31.78,301,3.9,76,1778,153,44,41,2423,Medium
STU00137,67.78,150,222,63.43,63.43,79.82,33,52,50.82,29.6,23.6,25.2,78.4,8.5,4.53,39.93,61.04,18.36,25.26,24.81,256,4.2,74,1944,162,55,57,2496,High
STU00138,83.53,162,193,74.66,74.66,58.38,35,47,74.95,27.8,24.2,26.4,78.4,8.61,6.16,39.27,70.34,15.94,38.14,15.24,258,5.2,57,2087,103,57,44,2011,Low
STU00139,77.79,171,221,70.96,70.96,65.4,36,52,53.16,32.8,23.2,28.2,84.2,4.52,2.84,50.8,70.88,19.46,33.42,26.65,195,5.8,101,1564,135,44,48,2858,High
STU00140,78.34,174,221,60.02,60.02,72.53,31,51,62.19,30.2,25.4,25.4,81.0,5.16,5.49,40.08,65.07,28.23,31.03,19.61,263,5.3,76,1475,137,46,62,2761,High
STU00141,73.85,161,217,82.73,82.73,69.34,44,53,71.42,27.0,24.4,25.6,77.0,8.9,7.84,35.8,58.97,33.11,32.06,27.36,282,6.2,73,1866,178,61,34,2546,Low
STU00142,69.28,145,209,62.63,62.63,61.04,35,56,50.87,30.2,21.0,25.4,76.6,5.41,5.1,54.36,63.1,17.94,32.56,25.52,182,6.4,80,1514,135,68,65,2313,Medium
STU00143,74.85,156,209,69.27,69.27,62.22,34,50,62.68,30.0,25.0,26.8,81.8,8.59,4.14,33.78,66.95,23.01,39.53,21.48,266,4.9,71,2024,156,41,47,2192,Low
STU00144,87.02,190,216,61.61,61.61,82.72,34,56,58.32,32.6,19.6,24.8,77.0,8.0,6.49,46.57,67.95,22.31,34.42,24.63,238,4.9,83,1904,135,53,43,2530,Medium
STU00145,74.62,161,216,72.0,72.0,75.96,39,53,47.34,27.8,23.0,27.0,77.8,7.33,4.36,53.82,67.92,21.95,33.8,22.32,259,7.7,77,1585,177,57,52,2738,High
STU00146,69.96,147,211,49.4,49.4,81.34,24,50,56.65,36.0,20.0,25.2,81.2,6.42,4.77,31.08,72.08,25.75,23.29,28.67,265,5.2,60,2090,116,49,53,2512,High
STU00147,81.43,159,193,75.33,75.33,75.8,34,45,63.04,29.0,24.0,23.6,76.6,7.9,7.52,50.75,63.77,22.7,40.02,25.8,161,7.0,88,2008,176,55,56,2764,Low
STU00148,81.22,173,213,56.27,56.27,77.22,25,45,41.1,28.0,20.8,25.4,74.2,4.83,4.58,53.01,70.97,26.57,27.47,23.14,242,4.6,70,1493,144,39,59,2679,High
STU00149,62.99,148,234,53.53,53.53,61.56,26,49,49.11,29.4,24.0,23.8,77.2,6.77,3.19,30.09,69.02,30.78,34.68,34.49,259,4.4,96,1829,131,48,53,2410,High
STU00150,76.93,181,235,73.61,73.61,79.59,31,42,63.38,23.0,21.4,26.0,70.4,7.29,7.5,42.38,69.0,35.42,27.33,22.08,202,5.9,89,2196,136,50,41,2502,Low
STU00151,77.41,161,209,67.87,67.87,62.5,33,49,62.87,31.6,22.6,23.0,77.2,8.28,6.37,50.94,71.94,29.14,41.71,27.69,275,5.3,59,1745,172,41,54,2527,Medium
STU00152,69.68,147,206,60.45,60.45,63.82,30,50,46.2,31.0,21.6,22.4,75.0,5.59,4.28,37.41,61.1,20.77,36.01,26.23,191,5.5,77,1930,132,47,62,2473,High
STU00153,75.26,177,237,64.21,64.21,66.29,31,49,42.19,25.2,22.6,26.6,74.4,4.59,5.4,38.37,61.29,25.21,34.99,31.79,169,4.6,61,1480,137,59,36,2278,High
STU00154,68.73,150,219,61.61,61.61,73.05,30,47,46.6,32.6,22.0,24.2,78.8,6.48,2.09,41.39,65.12,25.77,33.18,24.91,332,5.1,93,1822,168,54,55,1918,High
STU00155,80.27,182,226,70.98,70.98,83.88,37,52,64.27,29.4,22.8,25.2,77.4,7.95,7.82,43.43,63.49,31.89,33.58,21.73,253,3.9,108,2100,152,47,49,2296,Low
STU00156,68.93,142,204,65.28,65.28,66.26,30,46,49.13,25.2,24.6,24.2,74.0,5.22,3.95,39.36,64.61,17.55,25.84,25.3,231,7.1,85,1944,151,51,66,2202,High
STU00157,84.56,180,215,59.55,59.55,66.23,28,48,49.12,34.2,25.6,23.0,82.8,4.92,6.41,45.72,67.36,19.0,36.87,26.42,237,7.8,77,1439,149,58,48,2540,High
STU00158,73.92,155,209,51.5,51.5,82.64,22,44,65.1,26.8,24.0,26.6,77.4,8.58,5.19,46.68,63.33,18.91,37.84,28.83,163,7.0,85,1921,157,45,52,1994,Low
STU00159,96.66,188,195,50.11,50.11,73.17,27,55,58.92,27.4,20.8,26.0,74.2,6.36,5.84,44.89,70.0,32.37,34.57,26.15,277,6.9,96,1886,96,52,54,1591,Medium
STU00160,65.15,132,201,71.26,71.26,47.31,35,51,47.27,32.0,24.6,26.6,83.2,5.31,3.63,40.32,71.64,22.65,32.48,27.73,333,5.8,78,1648,163,37,50,1957,High
STU00161,60.94,136,225,63.03,63.03,63.09,32,51,55.69,25.2,23.8,24.4,73.4,6.89,2.5,40.57,66.33,15.32,27.24,25.97,275,4.4,76,2173,145,59,59,2492,Medium
STU00162,86.47,184,214,66.77,66.77,64.6,33,48,68.73,28.4,21.4,26.8,76.6,9.05,7.92,49.28,73.59,31.07,35.73,33.17,268,5.9,86,1257,140,51,49,1755,Low
STU00163,81.65,176,219,83.27,83.27,70.41,40,49,57.73,31.4,26.4,23.0,80.8,4.99,5.74,26.01,68.8,16.86,32.09,19.27,284,5.2,80,2024,123,55,44,2628,High
STU00164,74.04,168,225,67.88,67.88,70.95,33,50,55.61,29.2,22.6,25.6,77.4,5.19,4.21,53.63,71.06,26.38,35.88,24.57,227,4.7,82,1936,144,56,64,2667,High
STU00165,78.52,160,203,83.5,83.5,62.38,39,47,63.6,31.6,23.2,25.8,80.6,9.63,6.08,44.12,68.08,14.12,30.69,22.54,298,6.9,90,2080,138,65,51,2219,Low
STU00166,71.7,158,222,63.39,63.39,74.33,31,48,70.28,33.6,20.2,25.6,79.4,8.53,4.9,48.45,71.27,29.23,36.94,22.66,236,6.7,74,1841,183,47,42,2206,Medium
STU00167,68.85,152,219,72.22,72.22,68.65,36,50,57.81,32.8,20.8,21.6,75.2,7.08,4.13,46.04,67.36,22.97,36.35,24.71,262,5.2,97,2271,152,48,40,2796,High
STU00168,79.47,177,221,64.45,64.45,75.56,36,56,59.46,32.0,25.0,25.0,82.0,6.09,5.86,42.36,64.26,27.18,33.27,31.6,198,6.2,66,2029,176,59,50,2370,Medium
STU00169,65.75,154,234,75.3,75.3,71.35,44,58,46.14,33.0,22.4,24.6,80.0,8.34,2.77,42.93,66.57,29.04,27.26,19.42,222,6.4,92,1700,137,32,44,2441,High
STU00170,70.56,160,228,49.72,49.72,51.18,23,46,61.85,30.2,21.2,24.6,76.0,7.99,1.23,36.26,71.2,22.51,33.15,23.53,290,6.6,90,1682,135,60,60,2559,Medium
STU00171,58.25,117,202,66.67,66.67,72.33,28,44,70.44,29.4,24.2,24.0,77.6,8.41,5.83,54.37,71.45,24.72,34.62,26.67,209,5.5,78,1990,156,53,51,2778,Low
STU00172,74.44,159,213,77.94,77.94,75.52,41,53,59.79,28.8,21.0,26.4,76.2,6.96,7.67,39.85,65.67,30.35,35.25,24.85,134,4.8,77,1908,146,51,52,1820,Medium
STU00173,78.79,174,221,47.07,47.07,76.59,26,56,58.53,28.6,18.8,24.2,71.6,7.8,5.65,48.55,67.55,28.22,37.37,22.76,316,6.0,75,1745,172,60,48,2817,Low
STU00174,72.55,166,229,51.51,51.51,62.5,26,51,67.33,33.4,23.0,25.6,82.0,5.57,6.0,38.13,64.82,19.8,33.14,28.61,277,4.5,77,1962,190,44,49,2361,Medium
STU00175,65.88,135,201,69.7,69.7,66.11,33,47,55.94,29.8,23.2,27.2,80.2,8.74,4.03,43.6,68.0,29.38,25.24,16.09,329,6.5,76,2409,152,40,54,3149,Medium
STU00176,68.6,138,202,64.49,64.49,74.88,29,46,76.26,26.8,22.4,25.6,74.8,9.24,7.95,50.96,76.28,23.91,36.04,27.83,278,6.9,76,2076,145,44,43,2739,Low
STU00177,75.27,155,206,60.16,60.16,65.94,29,49,80.49,32.2,20.4,23.8,76.4,7.65,7.98,31.53,69.25,21.4,26.45,20.68,271,6.0,84,1889,138,58,41,2148,Low
STU00178,84.84,175,206,62.92,62.92,71.11,31,50,61.58,34.6,20.0,24.8,79.4,5.04,3.53,48.13,74.61,22.66,30.9,16.63,229,6.3,90,1654,125,47,48,2722,High
STU00179,73.65,162,222,77.45,77.45,84.65,37,47,52.59,26.8,19.0,25.8,71.6,4.86,4.7,40.84,60.63,28.28,37.87,19.35,291,6.6,73,1887,131,51,64,2404,High
STU00180,61.86,127,206,73.44,73.44,66.11,37,50,50.62,29.8,24.2,25.2,79.2,8.6,2.58,33.98,74.92,24.35,33.44,18.94,211,4.4,90,2141,126,60,43,2851,High
STU00181,77.78,161,208,60.33,60.33,72.43,34,55,60.03,28.0,19.6,25.0,72.6,6.18,6.33,38.14,70.12,35.01,38.25,26.95,327,4.6,77,2098,139,56,49,2070,Medium
STU00182,77.33,158,204,65.22,65.22,54.7,31,47,64.32,30.4,22.2,23.0,75.6,8.02,3.88,41.97,67.03,25.14,31.69,34.4,288,5.6,89,2343,130,51,53,2572,Medium
STU00183,86.51,184,212,67.31,67.31,58.26,34,52,77.28,28.4,23.6,27.2,79.2,7.25,6.25,40.07,58.45,23.67,37.61,31.97,359,5.3,65,1375,178,47,47,2554,Low
STU00184,72.93,161,223,55.82,55.82,61.28,29,53,56.66,30.6,23.8,25.2,79.6,9.23,4.01,38.77,61.85,23.04,29.8,22.08,311,5.5,89,1875,141,41,48,2614,High
STU00185,71.55,152,211,73.74,73.74,68.48,39,53,62.17,29.6,21.8,25.4,76.8,6.99,5.6,38.37,68.48,25.43,34.48,20.58,298,6.0,72,1952,145,45,47,2666,Medium
STU00186,70.37,146,210,43.89,43.89,61.53,20,47,64.36,27.8,19.8,25.4,73.0,8.22,5.53,38.26,67.73,30.04,22.37,21.85,155,4.8,114,1818,164,47,46,2451,Medium
STU00187,81.5,166,203,54.69,54.69,73.45,25,46,56.19,32.8,22.4,27.4,82.6,5.1,7.75,38.73,67.38,32.34,33.81,30.68,274,4.6,77,1738,138,58,41,1872,Medium
STU00188,61.2,138,225,65.95,65.95,76.35,29,44,59.17,28.8,26.8,24.4,80.0,6.35,6.1,46.74,69.07,29.41,27.67,21.59,246,7.2,78,1819,154,56,51,2615,Medium
STU00189,76.02,151,198,54.17,54.17,81.32,26,46,55.75,31.8,24.6,27.0,83.4,8.31,4.89,39.72,68.01,27.24,23.21,25.93,287,5.1,103,2404,128,49,56,2437,Medium
STU00190,56.66,120,209,70.46,70.46,56.54,39,55,61.46,33.0,18.2,24.4,75.6,9.49,2.88,42.64,60.44,33.06,29.17,32.47,221,6.4,75,1992,156,60,41,2593,Medium
STU00191,84.71,174,206,65.76,65.76,61.07,37,56,43.5,29.2,22.8,25.8,77.8,5.45,3.08,41.85,64.26,22.38,30.43,24.44,202,6.2,67,1670,137,49,40,2300,High
STU00192,73.79,153,205,43.47,43.47,60.23,21,49,46.27,31.2,25.8,24.4,81.4,5.54,5.47,47.41,60.61,29.16,33.56,22.71,198,5.5,78,1964,147,60,50,2233,High
STU00193,69.37,146,213,56.56,56.56,81.31,25,47,55.11,34.2,18.0,24.2,76.4,4.73,3.98,51.62,71.91,32.8,31.11,21.14,232,3.8,79,2056,172,50,35,2900,High
STU00194,80.62,181,223,63.67,63.67,65.26,32,51,46.44,25.0,23.0,22.6,70.6,5.72,3.39,35.27,65.47,25.82,34.97,24.7,234,5.7,69,1864,158,39,49,2272,High
STU00195,58.56,126,217,50.6,50.6,48.6,28,54,64.71,30.0,19.8,24.0,73.8,8.77,2.06,50.09,66.58,22.91,30.71,27.49,129,7.0,83,1618,178,59,60,2953,Medium
STU00196,76.68,175,227,58.52,58.52,79.85,33,57,55.15,31.2,23.6,24.0,78.8,6.04,1.38,26.76,62.48,20.99,36.79,28.74,292,6.3,74,1789,149,44,45,2305,High
STU00197,71.45,154,215,58.28,58.28,61.56,31,51,58.43,26.4,21.0,24.2,71.6,9.88,3.42,39.18,70.37,25.64,28.47,26.74,276,6.1,80,2446,144,50,56,2127,Low
STU00198,81.91,183,226,62.2,62.2,71.4,30,49,56.48,33.8,28.0,27.8,89.6,5.9,3.81,32.24,64.13,26.28,39.06,17.67,270,5.1,93,2172,158,39,64,2679,High
STU00199,71.28,162,228,75.45,75.45,80.59,34,48,74.46,28.4,21.4,25.4,75.2,9.95,3.83,39.62,67.11,22.02,30.03,23.42,252,5.6,92,1943,166,49,56,1843,Low
STU00200,80.33,163,204,66.53,66.53,70.32,33,50,55.11,31.4,24.6,27.8,83.8,8.98,5.59,48.53,71.4,34.44,24.1,26.54,262,4.7,94,1861,193,46,49,2410,Medium
STU00201,70.94,159,223,63.59,63.59,58.4,33,53,55.81,30.8,22.0,25.2,78.0,5.39,5.67,30.67,65.25,22.0,30.18,27.41,228,6.0,101,1912,146,48,47,1948,High
STU00202,70.16,160,229,66.11,66.11,75.46,32,48,48.46,24.2,23.2,26.2,73.6,8.65,4.86,36.71,64.43,18.12,26.58,21.19,272,6.3,91,1745,145,53,40,2650,High
STU00203,67.63,132,197,49.45,49.45,59.87,25,50,58.83,31.8,21.8,26.8,80.4,6.37,6.91,49.41,59.9,31.14,21.69,29.35,221,4.8,96,1963,154,55,52,2241,Medium
STU00204,82.06,177,213,47.22,47.22,71.75,24,51,72.37,30.6,25.2,23.0,78.8,9.94,5.75,42.61,70.97,29.95,30.07,30.79,275,6.2,87,1719,141,59,54,2426,Low
STU00205,69.02,151,216,54.32,54.32,82.11,29,53,46.17,31.8,22.6,26.8,81.2,4.93,4.92,33.95,74.65,24.84,38.85,14.07,209,3.9,69,2004,149,52,49,2037,High
STU00206,80.42,168,207,75.32,75.32,74.51,38,51,59.85,28.4,22.2,23.4,74.0,8.52,2.4,54.52,65.92,27.33,31.6,23.4,178,5.1,71,1907,143,45,43,2472,Medium
STU00207,73.52,161,216,65.83,65.83,59.62,37,54,55.66,33.0,23.8,26.2,83.0,7.19,4.21,42.16,71.38,25.36,28.86,21.25,231,5.7,72,2140,154,53,48,2797,High
STU00208,67.59,144,214,63.89,63.89,63.69,30,46,46.53,33.6,20.4,24.4,78.4,7.42,1.51,37.74,61.7,20.55,33.91,32.62,243,7.4,83,1885,168,40,62,2626,High
STU00209,69.55,141,205,65.22,65.22,69.78,30,46,63.5,25.0,23.4,26.2,74.6,7.16,2.07,32.39,66.15,24.28,24.99,17.85,246,4.4,82,1943,106,47,44,2251,Medium
STU00210,69.4,142,204,55.28,55.28,76.06,27,47,42.38,29.2,20.0,24.8,74.0,6.89,1.47,44.9,62.17,27.21,36.57,32.1,229,4.1,79,2026,142,47,43,2853,High
STU00211,73.05,164,226,71.67,71.67,53.27,33,46,61.11,30.2,20.8,24.6,75.6,7.66,1.36,46.65,73.44,26.78,27.5,23.56,278,4.8,68,1776,151,45,45,1533,Medium
STU00212,77.16,171,223,58.28,58.28,74.78,26,45,55.12,29.8,24.0,25.0,78.8,5.67,3.44,34.87,73.11,29.73,23.63,28.8,224,5.8,71,1793,164,50,39,2325,High
STU00213,85.45,175,206,77.85,77.85,65.47,43,55,53.14,29.0,24.8,26.8,80.6,4.96,7.24,44.68,73.46,18.95,30.17,25.08,172,6.1,76,1229,137,43,33,2460,Medium
STU00214,79.03,155,196,75.17,75.17,56.3,36,49,65.18,30.4,21.6,26.2,78.2,8.12,6.4,48.76,68.77,18.6,34.97,29.91,293,6.0,71,1896,118,53,39,2127,Low
STU00215,65.6,145,220,62.38,62.38,61.79,33,52,56.21,28.8,21.4,22.8,73.0,6.37,3.95,35.76,72.69,19.77,38.86,32.02,307,4.8,112,2033,145,53,49,2592,Medium
STU00216,77.01,163,214,67.22,67.22,66.83,31,47,54.04,26.6,21.4,24.8,72.8,5.47,5.27,22.6,70.16,24.1,38.74,30.52,190,4.8,90,1750,155,56,57,2303,High
STU00217,84.93,184,218,68.89,68.89,55.92,35,49,61.41,30.8,20.2,27.0,78.0,6.14,3.92,38.83,68.75,26.26,36.83,26.48,318,4.6,71,2066,132,49,36,2426,High
STU00218,89.29,179,200,88.0,88.0,71.61,46,52,48.45,28.6,26.8,22.4,77.8,6.56,2.93,48.81,70.24,31.41,32.07,21.14,281,4.6,92,1413,129,61,48,2266,High
STU00219,63.83,127,197,79.67,79.67,81.63,38,48,60.69,28.2,19.2,24.0,71.4,5.93,4.1,52.13,69.37,19.64,32.54,17.37,207,5.7,55,1425,139,48,51,2549,High
STU00220,85.3,192,225,63.06,63.06,60.56,34,53,50.71,26.8,27.2,25.8,79.8,9.69,1.04,48.19,71.16,19.99,36.16,22.7,278,6.3,91,1858,143,54,55,1746,Medium
STU00221,80.11,167,213,80.44,80.44,72.33,39,48,44.51,33.8,26.4,23.6,83.8,5.88,2.43,47.24,62.13,19.47,30.04,27.63,332,5.8,89,1474,128,67,51,2258,High
STU00222,71.52,158,219,62.81,62.81,68.81,32,51,65.38,30.0,22.2,25.4,77.6,6.85,5.93,44.77,58.21,33.7,37.58,21.37,275,6.8,91,1133,156,46,46,2579,Low
STU00223,72.35,149,206,56.55,56.55,67.68,27,49,70.11,29.0,22.4,26.6,78.0,5.85,6.99,48.95,62.48,27.41,35.97,16.1,152,6.2,84,2022,131,49,56,1972,Medium
STU00224,69.34,145,210,65.4,65.4,71.93,31,49,42.26,32.6,24.2,26.2,83.0,4.66,4.51,47.97,65.82,23.78,34.57,28.98,188,5.2,73,1107,161,47,50,2646,High
STU00225,67.0,144,217,57.27,57.27,72.77,30,52,67.72,34.6,26.0,25.0,85.6,9.81,1.93,45.7,68.24,30.4,25.89,28.86,182,5.2,68,1975,182,52,54,2295,Medium
STU00226,76.57,168,219,79.42,79.42,53.71,37,46,50.38,30.8,23.8,24.6,79.2,6.96,4.51,48.42,71.58,21.51,28.17,26.99,167,3.9,60,2021,116,48,47,2306,Medium
STU00227,84.42,173,206,79.77,79.77,71.11,36,47,67.05,29.4,20.2,26.2,75.8,8.95,5.98,36.77,74.21,21.31,27.01,26.34,270,5.4,80,1807,163,47,45,2275,Low
STU00228,84.58,180,214,76.35,76.35,65.04,37,49,47.74,28.6,26.0,24.4,79.0,5.06,4.69,34.03,64.44,30.22,38.82,25.0,291,4.3,98,2543,167,43,55,2360,High
STU00229,68.08,139,201,88.56,88.56,72.56,44,50,63.88,33.2,25.0,24.8,83.0,4.61,6.87,40.39,66.88,24.06,33.02,30.35,233,4.8,66,1783,93,58,48,2476,Medium
STU00230,73.42,152,211,51.83,51.83,75.78,25,49,55.69,27.0,26.2,24.4,77.6,9.67,3.03,47.18,72.21,20.23,35.02,20.19,282,4.6,104,1805,160,55,72,2517,Low
STU00231,66.37,142,213,82.56,82.56,66.57,40,49,59.21,28.2,20.8,27.2,76.2,5.55,2.51,37.64,70.56,23.46,31.56,29.61,227,5.9,94,1981,153,39,63,2182,High
STU00232,80.23,174,215,88.89,88.89,57.76,44,50,50.57,29.0,22.6,22.8,74.4,5.49,2.46,32.38,73.86,28.86,39.46,29.13,285,4.9,80,1759,138,46,42,2366,High
STU00233,82.67,182,218,38.54,38.54,73.27,21,54,68.35,26.4,19.6,25.4,71.4,9.7,6.7,37.07,65.74,34.7,36.53,29.3,227,4.5,85,1957,150,49,47,2798,Low
STU00234,74.76,157,211,75.05,75.05,56.31,39,52,59.55,31.4,23.0,25.8,80.2,9.6,4.41,35.24,74.32,17.79,30.96,31.38,256,6.0,83,2174,166,51,53,2888,Medium
STU00235,80.37,165,205,44.91,44.91,57.04,24,54,61.54,31.2,21.6,23.4,76.2,8.6,3.7,40.98,63.59,21.08,31.25,18.01,305,6.3,94,1941,179,56,52,2341,Medium
STU00236,82.88,171,210,64.19,64.19,72.62,29,46,60.71,32.2,25.0,25.0,82.2,6.48,6.31,54.17,69.54,31.74,38.47,23.69,272,4.1,92,1744,186,46,61,2589,Low
STU00237,78.51,162,209,38.23,38.23,65.39,17,45,65.23,29.8,24.0,25.4,79.2,6.28,7.31,48.74,73.0,26.05,26.13,24.79,261,5.7,78,2036,158,52,56,2342,Medium
STU00238,75.92,157,206,71.37,71.37,74.16,34,49,48.98,26.2,24.0,24.8,75.0,5.11,2.47,42.97,74.63,22.04,35.65,19.6,254,4.7,75,1919,181,47,57,2105,High
STU00239,65.99,134,206,80.0,80.0,71.92,37,48,48.76,28.0,25.4,23.6,77.0,9.27,1.16,52.06,63.76,20.79,31.68,23.86,273,5.6,106,1779,143,45,52,2429,High
STU00240,79.49,165,210,55.5,55.5,58.82,25,44,51.5,27.4,18.4,25.0,70.8,6.61,5.99,50.86,67.98,28.68,26.44,26.91,257,4.9,64,1425,134,57,54,2014,High
STU00241,66.11,143,214,77.28,77.28,61.14,39,49,62.6,31.8,19.6,28.2,79.6,7.11,5.58,51.11,61.5,24.27,39.12,25.35,212,6.3,77,1408,141,49,37,2480,Low
STU00242,71.63,161,225,68.05,68.05,72.88,33,49,62.22,32.2,21.6,24.6,78.4,7.9,5.42,38.17,64.35,28.01,33.63,22.46,200,4.7,73,1706,166,48,70,2275,Medium
STU00243,80.96,173,216,68.49,68.49,73.67,35,51,64.67,25.6,21.2,22.2,69.0,9.83,3.74,39.71,64.52,24.5,22.14,21.1,253,5.6,74,2029,137,47,58,2448,Low
STU00244,83.32,184,222,64.17,64.17,83.57,33,51,61.98,27.8,24.8,27.2,79.8,7.51,4.45,44.95,66.48,20.51,28.68,17.09,228,5.1,68,1970,166,49,50,2005,High
STU00245,76.93,152,197,53.33,53.33,76.22,29,55,59.35,34.6,22.8,23.6,81.0,5.47,6.45,35.05,61.35,22.45,28.42,20.7,245,5.9,107,1841,143,46,45,2855,Medium
STU00246,73.18,150,207,79.33,79.33,61.26,41,52,62.98,25.6,20.4,25.0,71.0,5.8,7.13,43.23,67.23,25.2,36.41,25.94,198,5.5,84,1643,164,63,50,2151,Medium
STU00247,69.71,150,214,51.44,51.44,78.64,28,55,70.94,33.0,24.8,25.2,83.0,4.91,6.32,43.95,66.29,27.03,27.94,19.9,220,4.3,88,2095,156,53,46,1858,Medium
STU00248,74.93,171,227,53.69,53.69,62.63,27,50,69.03,31.4,18.6,24.2,74.2,7.24,4.47,51.1,70.82,26.68,33.61,27.16,284,4.6,81,1811,172,47,31,2082,Medium
STU00249,73.26,159,217,53.12,53.12,57.8,29,54,65.33,30.0,21.8,24.8,76.6,9.6,3.93,41.41,66.62,21.45,35.3,29.26,288,5.7,90,1916,146,38,60,2589,Low
STU00250,90.22,198,220,47.78,47.78,67.41,21,44,53.14,29.2,23.4,22.8,75.4,6.42,3.15,33.49,78.53,21.11,31.17,29.19,222,5.4,71,1743,172,39,54,2443,High
STU00251,72.04,148,205,82.67,82.67,68.51,46,55,46.53,31.2,20.4,25.0,76.6,5.12,3.08,46.62,70.0,22.97,40.31,26.57,220,4.3,75,1945,122,54,46,3238,High
STU00252,70.42,150,212,67.64,67.64,70.31,35,51,57.54,29.4,18.8,23.6,71.8,6.14,5.68,52.26,69.72,20.38,37.91,15.95,247,4.7,75,1691,167,41,42,1922,High
STU00253,68.8,153,223,65.4,65.4,60.09,33,51,73.62,34.6,21.0,25.2,80.8,9.57,3.68,49.5,70.57,29.43,27.99,19.64,263,4.9,69,1687,140,61,42,2664,Low
STU00254,71.62,159,220,94.0,94.0,65.77,43,46,83.68,29.2,21.0,24.2,74.4,9.84,7.36,36.82,67.9,21.78,42.23,21.31,227,6.1,89,1243,118,37,39,2378,Low
STU00255,62.8,127,202,66.17,66.17,74.89,34,53,60.46,30.2,23.4,23.8,77.4,8.86,4.27,34.76,66.38,31.41,39.79,25.7,303,7.5,94,1520,123,60,44,2326,Medium
STU00256,84.9,178,209,69.17,69.17,73.47,32,46,42.58,33.0,25.6,24.4,83.0,6.69,2.6,50.32,67.28,26.65,31.34,29.99,290,5.0,85,1569,146,44,49,2398,High
STU00257,70.38,138,197,60.76,60.76,73.11,33,53,49.31,32.0,22.2,26.4,80.6,8.38,3.27,38.31,66.91,21.17,35.25,21.08,178,3.8,73,1890,172,61,47,2110,High
STU00258,74.05,149,204,42.73,42.73,59.09,25,59,65.94,29.8,24.6,29.0,83.4,7.03,6.13,53.61,60.81,20.09,37.09,21.25,228,6.5,91,1980,150,45,42,2456,Medium
STU00259,67.53,139,206,59.67,59.67,74.82,28,46,57.34,24.4,19.2,22.6,66.2,5.78,4.16,57.69,69.39,30.0,33.03,19.53,142,5.0,82,1506,121,41,53,2619,High
STU00260,84.4,179,211,59.62,59.62,61.02,29,48,58.04,30.8,26.0,24.4,81.2,9.07,3.72,46.0,79.78,29.57,29.15,26.8,242,5.8,71,1356,125,58,53,2466,Medium
STU00261,78.93,169,212,72.27,72.27,82.71,34,49,50.57,27.0,21.2,24.2,72.4,8.85,2.64,47.12,60.78,24.56,37.14,25.62,298,5.6,69,1379,136,51,59,2885,High
STU00262,75.34,160,213,69.67,69.67,70.71,34,50,58.75,33.2,24.6,25.4,83.2,6.88,1.14,45.79,67.73,22.06,29.49,25.89,279,5.5,90,1751,161,31,36,2199,Medium
STU00263,78.38,166,210,62.44,62.44,66.84,33,52,56.09,28.8,21.6,22.4,72.8,8.84,2.77,40.28,65.17,24.65,38.77,25.91,268,4.3,94,2029,121,47,63,2400,Medium
STU00264,79.39,168,211,58.57,58.57,65.83,30,51,53.78,28.0,20.0,27.6,75.6,8.81,1.88,32.76,61.41,25.49,43.35,21.85,324,6.8,93,2141,136,64,50,2376,High
STU00265,72.57,160,224,61.06,61.06,53.62,27,45,61.91,27.8,21.8,27.4,77.0,7.46,6.76,38.97,71.06,25.21,27.73,24.52,210,4.1,79,1971,152,58,53,2858,Medium
STU00266,76.03,161,216,46.0,46.0,61.85,21,46,64.69,30.4,24.6,23.8,78.8,9.6,7.56,50.34,64.83,32.92,32.53,17.9,198,6.0,86,1956,172,48,38,2209,Low
STU00267,68.37,131,192,62.78,62.78,72.83,29,46,70.07,33.4,25.4,26.0,84.8,7.1,6.29,49.09,68.65,27.88,32.72,27.96,190,5.9,84,1785,103,52,52,2436,Low
STU00268,63.3,132,211,62.0,62.0,60.72,33,52,49.42,29.6,18.8,26.2,74.6,5.47,5.83,44.48,64.7,24.22,28.48,31.7,241,5.9,88,2059,134,55,45,2438,High
STU00269,76.41,171,220,70.68,70.68,60.69,31,43,56.11,33.4,23.2,24.4,81.0,6.14,6.58,44.13,69.2,21.12,24.85,29.2,261,5.8,71,1303,151,42,60,1747,High
STU00270,66.67,136,205,73.0,73.0,65.18,37,50,53.73,28.4,21.4,23.0,72.8,5.94,3.45,37.85,69.65,27.66,33.26,22.97,219,6.5,68,1773,190,46,35,2431,High
STU00271,69.39,143,207,59.06,59.06,62.78,31,53,57.4,32.2,24.8,27.2,84.2,8.54,5.55,37.12,66.62,14.24,31.53,26.82,265,6.0,66,1471,167,39,54,2171,Medium
STU00272,75.79,168,218,69.72,69.72,55.66,33,49,63.94,29.0,21.6,24.2,74.8,9.38,3.37,40.95,63.85,23.94,25.41,27.24,210,6.1,70,2324,126,60,45,2623,Low
STU00273,69.18,143,205,51.11,51.11,71.46,26,50,52.15,26.6,23.4,25.4,75.4,8.37,3.47,59.24,66.55,30.99,28.27,26.17,254,5.9,76,1818,165,60,47,2067,Medium
STU00274,72.4,162,220,52.93,52.93,68.66,27,52,57.98,31.2,19.2,27.2,77.6,8.21,4.24,33.6,64.75,23.12,33.27,24.77,275,5.4,67,1598,137,49,49,2448,Low
STU00275,74.43,149,201,57.64,57.64,60.39,29,50,56.59,28.4,18.6,23.4,70.4,8.66,5.87,35.98,64.47,33.55,29.64,25.47,218,6.8,76,1582,142,52,56,2569,Medium
STU00276,69.95,148,210,66.78,66.78,71.3,35,53,71.42,31.4,26.8,23.0,81.2,8.03,7.56,41.79,72.56,32.79,28.89,18.75,201,5.8,82,2107,174,56,52,2142,Low
STU00277,72.78,161,219,66.09,66.09,77.55,30,46,57.58,31.2,21.4,25.8,78.4,6.43,6.56,38.98,78.54,17.53,39.69,26.2,293,4.0,71,2178,125,53,63,2310,Medium
STU00278,65.68,140,212,55.08,55.08,75.82,30,52,61.81,30.6,26.2,23.4,80.2,9.09,2.28,47.47,64.14,27.07,33.13,29.31,150,6.0,85,1925,175,53,42,2668,Low
STU00279,68.12,161,236,61.57,61.57,55.69,33,53,66.83,30.2,17.8,22.2,70.2,4.99,7.26,49.98,68.83,16.8,34.87,24.56,291,5.6,90,1466,143,46,56,2688,Medium
STU00280,71.28,145,206,80.56,80.56,69.03,40,51,74.67,31.8,19.4,25.0,76.2,7.52,5.65,42.43,64.18,26.39,32.35,28.68,296,4.5,86,2056,118,59,39,2517,Low
STU00281,75.91,158,206,59.89,59.89,69.11,27,47,42.35,32.8,20.6,26.0,79.4,7.96,1.35,39.39,69.94,35.07,38.22,28.07,231,5.2,76,2087,175,42,47,2616,High
STU00282,76.52,164,218,72.36,72.36,55.14,39,53,78.72,28.2,22.6,26.0,76.8,8.22,6.38,44.59,68.15,22.61,40.49,23.24,138,7.1,80,1715,142,56,62,2623,Low
STU00283,76.72,158,207,61.94,61.94,73.73,32,53,54.64,32.6,23.2,24.0,79.8,6.88,7.64,31.3,68.84,27.19,29.06,23.98,235,5.5,77,1675,139,46,49,2431,Medium
STU00284,79.16,175,220,76.36,76.36,70.15,36,47,76.87,23.2,25.8,22.6,71.6,9.85,5.36,26.09,72.12,22.19,31.42,21.17,220,6.1,75,1202,108,39,48,2666,Low
STU00285,66.43,142,213,56.74,56.74,63.94,28,48,74.38,31.2,23.6,24.2,79.0,7.06,7.04,38.71,71.29,26.55,19.34,28.4,196,5.8,64,2159,111,56,42,2048,Low
STU00286,73.49,148,201,72.73,72.73,66.86,34,47,53.5,35.0,24.2,25.0,84.2,4.85,6.98,37.88,66.76,21.85,32.93,32.29,250,6.2,83,1613,144,42,52,2307,Medium
STU00287,66.59,140,212,79.33,79.33,52.56,41,52,54.64,26.2,22.2,24.4,72.8,7.83,5.07,42.52,62.31,21.13,27.25,27.49,278,4.7,61,1979,190,53,52,1859,High
STU00288,71.51,161,226,50.0,50.0,61.19,24,49,56.43,29.6,22.8,25.6,78.0,8.09,3.04,31.93,68.91,22.17,32.95,21.41,230,4.9,86,1413,191,42,51,2315,High
STU00289,59.81,138,230,69.77,69.77,62.5,33,49,51.12,31.2,23.2,24.4,78.8,6.63,3.58,40.96,62.81,21.43,33.83,26.18,332,5.5,69,1677,187,43,61,2615,Medium
STU00290,74.75,163,222,66.35,66.35,71.88,32,50,64.26,29.8,23.0,25.0,77.8,7.18,1.98,27.25,67.6,24.41,27.62,22.16,199,5.3,76,1773,146,65,59,2057,Medium
STU00291,74.0,152,205,70.56,70.56,63.9,32,47,40.78,28.8,23.4,26.6,78.8,5.53,5.1,50.76,67.29,29.57,32.72,25.59,233,6.1,86,1604,136,53,42,2573,High
STU00292,75.56,173,227,72.89,72.89,48.33,36,50,62.25,30.6,26.2,24.0,80.8,10.0,5.63,47.59,68.69,19.3,33.57,30.08,253,6.9,79,1985,165,49,36,2823,Low
STU00293,68.7,140,203,68.89,68.89,64.14,36,52,61.86,34.0,26.0,27.0,87.0,9.77,2.42,45.55,62.86,23.22,28.51,23.17,292,3.8,86,1888,167,36,78,2122,Medium
STU00294,63.17,141,224,58.05,58.05,71.7,29,52,55.58,35.8,19.6,24.6,80.0,5.02,5.07,33.33,60.42,30.54,27.36,25.98,272,6.9,96,1644,148,49,50,2619,High
STU00295,70.69,147,203,68.36,68.36,58.45,35,51,41.88,34.0,20.4,26.8,81.2,6.84,1.98,41.66,66.35,22.8,32.57,22.85,282,4.3,122,1401,157,45,47,2346,High
STU00296,66.55,150,231,44.34,44.34,70.74,25,56,58.07,29.0,22.6,23.6,75.2,8.11,6.06,44.72,66.35,28.84,29.47,21.07,321,5.4,91,1813,109,56,57,2280,Low
STU00297,78.95,172,219,64.61,64.61,58.97,29,44,56.97,27.8,24.6,23.6,76.0,6.87,3.63,45.51,70.19,23.27,29.72,23.51,286,6.5,73,1605,141,69,41,2127,High
STU00298,76.56,167,215,59.92,59.92,77.03,26,44,71.65,27.4,25.2,26.2,78.8,9.61,4.76,53.91,65.64,20.31,30.15,28.99,284,6.3,97,1790,144,44,46,2194,Low
STU00299,68.41,150,218,70.24,70.24,70.81,38,54,53.69,34.6,24.2,25.2,84.0,7.77,7.13,45.92,65.29,25.82,32.89,32.3,264,6.5,78,1998,147,41,53,2128,Medium
STU00300,74.26,159,216,68.67,68.67,51.31,36,51,46.2,29.6,22.2,23.6,75.4,6.23,3.63,31.35,69.03,18.14,33.94,25.89,230,3.9,86,1869,198,59,46,2447,High
STU00301,64.25,136,213,69.79,69.79,57.65,36,53,52.33,33.6,21.2,27.4,82.2,8.12,3.4,58.53,67.27,26.99,34.78,23.77,266,5.7,74,1425,140,60,49,2030,High
STU00302,77.88,164,213,71.33,71.33,73.04,34,48,80.31,23.8,25.0,22.8,71.6,9.03,7.58,53.58,61.35,28.65,42.75,18.5,201,5.4,89,1545,154,48,56,2368,Low
STU00303,83.35,189,227,70.43,70.43,62.09,35,50,69.23,33.2,24.4,24.6,82.2,4.63,6.27,39.15,67.29,21.99,32.2,13.58,265,5.8,95,1675,139,55,55,2497,Medium
STU00304,76.49,158,209,58.85,58.85,69.38,30,51,74.12,29.4,24.4,23.2,77.0,8.46,7.55,39.64,63.41,25.8,30.11,31.58,243,4.9,63,1668,168,40,63,2892,Low
STU00305,82.01,168,207,67.39,67.39,69.95,33,47,60.8,33.0,23.0,25.4,81.4,5.61,4.04,35.16,60.99,30.31,24.98,20.58,154,5.1,90,1818,102,51,50,2445,Medium
STU00306,67.95,154,228,55.39,55.39,56.45,25,45,68.41,31.8,22.6,25.8,80.2,8.17,1.93,37.81,65.17,32.04,38.67,26.02,213,4.4,66,1611,129,43,44,2655,Medium
STU00307,67.19,153,224,68.0,68.0,68.01,36,53,55.33,26.6,25.2,26.2,78.0,9.14,5.66,42.15,70.32,26.24,30.16,23.46,300,4.6,98,2003,148,46,54,2422,Low
STU00308,89.56,190,211,57.44,57.44,51.45,29,52,35.37,26.6,21.0,23.4,71.0,5.93,2.12,41.97,57.86,26.69,31.96,26.93,243,6.6,77,1790,128,47,44,2510,High
STU00309,69.79,156,223,69.67,69.67,53.48,34,49,52.98,33.6,22.8,25.4,81.8,9.08,3.7,35.51,67.37,25.82,36.02,27.87,214,4.6,75,1902,162,49,46,2832,Medium
STU00310,81.98,178,216,69.11,69.11,69.99,35,49,53.84,28.4,21.8,23.4,73.6,8.63,5.62,43.7,70.33,21.13,35.43,23.38,310,6.6,74,1848,202,38,32,2395,Medium
STU00311,70.35,158,224,62.5,62.5,85.86,36,56,47.38,27.6,22.8,25.0,75.4,7.31,5.04,46.18,72.42,19.56,35.44,17.64,311,5.3,87,1964,182,37,52,1867,High
STU00312,75.86,175,230,63.71,63.71,68.98,31,48,72.04,31.8,25.6,27.0,84.4,7.03,5.41,52.53,63.48,22.61,33.32,22.4,317,5.6,79,1771,129,44,52,2361,Medium
STU00313,74.1,154,209,83.0,83.0,66.54,36,44,67.95,31.4,22.4,24.4,78.2,8.61,4.5,44.74,67.9,34.24,29.22,20.67,317,6.4,83,1884,141,47,45,2234,Low
STU00314,69.91,145,206,57.09,57.09,66.3,27,47,74.8,29.4,21.2,26.6,77.2,7.81,6.63,40.51,72.69,18.06,36.74,23.47,226,4.5,86,1873,131,58,43,2003,Low
STU00315,81.69,185,228,66.12,66.12,65.32,34,51,48.02,27.8,20.8,27.6,76.2,7.91,3.43,40.3,65.17,31.12,43.43,19.45,248,4.8,63,2290,123,60,56,2727,Medium
STU00316,87.45,206,236,55.08,55.08,72.6,25,47,65.76,32.2,20.2,25.8,78.2,5.56,7.72,42.64,70.99,24.53,36.79,29.01,282,5.5,76,1783,149,52,42,2199,Medium
STU00317,75.54,175,232,39.85,39.85,65.99,22,55,68.41,25.6,20.8,24.4,70.8,4.52,7.66,31.33,69.08,27.77,34.2,25.14,222,4.8,87,1870,152,55,45,2439,Medium
STU00318,64.3,133,205,78.07,78.07,56.04,40,51,56.56,25.6,26.8,23.4,75.8,6.24,5.4,28.62,65.3,26.2,34.76,29.34,335,4.4,56,1943,164,66,50,2272,Medium
STU00319,78.67,166,212,57.22,57.22,74.83,26,46,58.26,29.0,20.4,27.4,76.8,4.57,6.31,38.9,66.02,14.64,35.53,29.95,155,4.5,77,1997,152,61,44,2690,High
STU00320,77.31,148,190,85.07,85.07,61.33,46,54,52.33,29.4,23.0,25.4,77.8,9.81,2.09,54.04,62.57,29.38,29.72,23.37,278,7.3,56,1869,170,53,44,2292,Medium
STU00321,77.61,165,214,53.27,53.27,64.2,30,56,41.68,29.4,22.8,22.0,74.2,7.12,2.07,36.51,61.85,24.02,29.8,31.21,184,5.7,75,1896,106,47,54,2474,High
STU00322,72.08,154,214,70.83,70.83,66.85,32,46,64.15,30.2,21.6,25.4,77.2,9.19,3.96,35.3,63.11,28.88,33.29,20.92,241,5.1,73,1810,151,60,38,1624,Low
STU00323,64.68,131,204,67.0,67.0,77.3,36,55,48.54,28.0,24.8,24.8,77.6,7.36,2.95,44.81,70.23,25.96,35.27,20.39,308,5.7,93,1876,144,40,46,1928,Medium
STU00324,70.39,148,212,57.55,57.55,68.72,29,52,77.53,33.4,23.4,24.6,81.4,9.54,7.96,43.31,64.1,31.82,36.61,30.83,256,6.0,78,1741,155,49,58,3038,Low
STU00325,85.8,171,197,74.43,74.43,74.11,38,51,47.68,27.0,19.8,26.6,73.4,4.61,1.31,53.08,69.2,20.93,26.96,22.87,285,5.7,94,1495,139,51,56,2162,High
STU00326,60.09,123,200,62.83,62.83,78.14,34,53,57.77,30.0,21.0,23.2,74.2,7.82,5.37,42.19,70.26,21.91,34.96,30.96,231,4.3,57,1711,182,54,51,2476,Medium
STU00327,69.62,145,212,57.67,57.67,73.21,33,56,57.7,27.6,20.0,25.0,72.6,7.52,4.02,43.67,72.73,24.63,42.0,28.87,288,6.5,82,2039,166,59,43,2930,Medium
STU00328,72.47,160,221,46.11,46.11,81.42,20,43,46.53,34.6,26.0,26.0,86.6,4.93,6.69,35.91,76.0,20.94,31.52,28.75,229,5.2,93,1735,156,54,58,2260,High
STU00329,83.15,171,206,49.8,49.8,70.27,26,52,66.18,35.0,24.0,22.2,81.2,10.0,4.01,41.03,66.72,21.63,32.48,19.25,311,5.2,97,1850,155,51,59,1862,Medium
STU00330,73.38,155,210,67.87,67.87,70.19,33,51,55.88,31.0,23.4,28.0,82.4,9.72,4.91,34.98,66.04,23.82,36.08,31.82,151,4.3,79,1902,168,63,46,2318,Low
STU00331,83.17,179,216,64.2,64.2,69.11,31,49,60.67,28.4,22.8,24.4,75.6,6.29,6.59,53.78,66.02,26.57,34.05,27.14,292,5.9,71,1688,144,40,47,2572,Low
STU00332,74.82,159,215,63.16,63.16,70.17,31,50,63.15,36.0,20.4,25.4,81.8,7.81,5.6,33.07,74.1,26.58,31.12,26.5,277,6.3,82,1755,147,61,54,2452,Medium
STU00333,66.61,139,209,72.56,72.56,66.2,38,51,62.96,31.6,19.6,24.2,75.4,7.13,5.74,39.49,64.57,22.73,30.53,21.13,220,5.8,86,1875,139,64,51,2668,Medium
STU00334,75.36,148,197,60.7,60.7,58.13,33,55,58.32,28.0,24.0,25.0,77.0,6.37,3.49,47.66,57.01,25.12,35.95,23.03,306,3.9,71,1851,138,59,57,2280,High
STU00335,65.58,147,225,59.37,59.37,53.51,26,44,66.81,35.4,20.6,24.6,80.6,9.55,7.83,41.97,65.58,26.32,29.75,25.88,224,5.2,95,1590,152,55,51,2308,Low
STU00336,66.56,133,200,66.11,66.11,59.14,32,49,51.07,30.6,19.0,26.2,75.8,7.05,1.86,54.66,68.97,23.03,29.83,26.14,264,4.2,78,1663,167,52,50,2074,High
STU00337,64.76,137,209,86.11,86.11,76.1,45,52,53.14,31.8,23.6,21.6,77.0,7.96,4.99,40.32,62.06,31.74,40.37,23.48,348,6.1,100,1610,162,54,41,2150,Medium
STU00338,61.51,135,218,58.41,58.41,74.58,30,53,54.95,25.8,24.2,26.8,76.8,4.87,6.17,39.91,75.72,28.03,24.96,25.34,209,5.9,69,2102,124,45,44,2304,High
STU00339,68.47,150,222,64.21,64.21,76.18,33,50,47.88,29.4,20.0,24.8,74.2,6.74,4.16,35.23,74.67,27.44,27.58,27.86,232,5.4,80,1806,172,40,38,2424,High
STU00340,79.65,170,213,69.35,69.35,68.03,36,51,58.72,29.8,23.8,26.0,79.6,6.17,6.83,29.4,70.04,24.52,31.05,26.28,262,5.5,88,1969,160,49,47,2211,Medium
STU00341,67.59,141,213,82.73,82.73,77.44,41,50,54.04,30.0,22.0,24.0,76.0,7.18,2.02,50.34,68.26,29.82,26.43,22.9,315,6.0,81,1462,145,58,46,2671,High
STU00342,89.16,203,229,56.0,56.0,61.79,28,51,64.76,33.4,22.8,23.8,80.0,7.31,2.54,34.36,66.92,28.05,28.45,22.88,257,5.8,79,1695,135,43,54,1917,Medium
STU00343,89.97,179,199,62.22,62.22,65.98,33,53,64.58,27.8,23.2,24.6,75.6,9.48,5.54,49.08,65.56,20.92,36.15,31.64,218,6.2,87,1772,160,68,47,2303,Low
STU00344,70.01,161,228,69.29,69.29,60.46,36,52,63.15,28.8,22.6,25.6,77.0,6.46,6.04,44.51,72.74,31.57,41.63,19.72,213,5.4,79,1952,172,46,49,2871,Medium
STU00345,80.85,187,231,70.75,70.75,75.29,35,50,68.29,32.8,23.0,25.8,81.6,9.34,5.94,41.54,66.44,31.73,27.04,24.08,299,5.0,94,2106,118,49,52,2077,Low
STU00346,80.27,164,204,67.61,67.61,69.22,34,49,63.87,29.8,24.0,24.6,78.4,9.95,4.28,35.1,65.32,13.79,36.71,22.21,285,4.7,60,2010,152,47,59,1806,Low
STU00347,81.64,162,197,60.09,60.09,87.54,30,51,70.13,36.0,24.0,25.8,85.8,9.3,7.54,30.89,73.68,25.11,29.35,19.42,232,5.7,86,1632,146,41,43,2539,Low
STU00348,66.65,144,217,50.77,50.77,83.11,25,49,42.31,25.2,22.0,26.6,73.8,6.34,1.11,50.16,69.38,29.59,25.9,30.72,241,6.8,78,1653,141,52,48,2628,High
STU00349,77.68,169,215,69.72,69.72,73.02,32,46,52.81,29.8,26.0,23.8,79.6,7.3,3.85,34.85,64.11,26.55,35.2,20.64,253,6.4,81,1824,140,43,47,2347,High
STU00350,72.27,167,229,68.49,68.49,64.32,39,57,55.25,30.0,27.0,26.4,83.4,8.74,2.2,44.3,58.11,22.71,29.64,32.53,173,5.4,87,1905,170,38,52,2265,Medium
STU00351,85.13,177,210,59.21,59.21,64.51,31,52,64.32,31.2,20.6,25.2,77.0,9.77,2.79,34.59,62.22,30.79,28.11,18.76,200,5.0,100,2105,148,34,44,2444,Medium
STU00352,82.81,196,238,55.0,55.0,65.02,29,52,66.06,32.6,22.8,25.0,80.4,9.61,2.93,51.7,67.44,23.88,33.48,29.02,239,5.0,84,1924,150,59,48,2140,Medium
STU00353,57.13,112,196,62.72,62.72,71.66,28,47,56.52,26.0,24.0,24.2,74.2,8.2,3.04,43.81,65.63,26.07,37.12,23.34,232,5.1,64,1580,182,54,48,2545,Medium
STU00354,72.19,152,210,56.67,56.67,70.15,26,47,51.0,30.0,23.2,22.4,75.6,7.61,1.57,35.75,70.38,17.34,37.39,28.61,199,3.4,70,1540,132,48,42,2716,High
STU00355,76.99,158,204,67.14,67.14,63.72,32,48,53.22,34.8,21.6,26.0,82.4,6.95,2.94,46.01,73.42,25.07,31.81,23.23,227,5.0,90,1956,174,49,37,2470,Medium
STU00356,76.46,175,227,58.23,58.23,54.92,30,50,60.16,31.8,20.6,21.4,73.8,9.3,7.37,32.41,68.52,27.18,33.95,25.88,261,3.9,74,1994,158,46,43,2602,Low
STU00357,71.27,138,195,60.1,60.1,80.33,30,49,69.58,30.4,22.6,25.2,78.2,7.38,7.34,53.57,64.97,20.35,27.36,26.52,277,7.3,81,1752,135,47,59,2516,Low
STU00358,82.7,181,220,92.88,92.88,66.31,48,52,40.78,30.0,24.4,23.6,78.0,7.76,1.17,42.92,65.75,23.92,40.17,22.82,227,6.7,83,1977,149,46,57,2376,High
STU00359,70.08,151,216,68.08,68.08,67.83,34,49,34.17,28.4,23.6,24.4,76.4,4.89,3.15,49.73,69.86,21.39,27.27,27.06,402,5.0,101,1996,171,46,55,2781,High
STU00360,77.24,162,210,75.52,75.52,53.96,35,46,62.8,33.6,18.8,28.0,80.4,8.65,2.82,40.21,59.56,24.02,28.05,17.58,284,6.6,78,1470,159,43,42,2723,Medium
STU00361,69.86,161,229,72.65,72.65,68.3,35,50,58.05,33.2,23.6,24.0,80.8,5.25,4.29,44.77,63.3,20.49,32.36,36.24,272,5.3,66,1543,150,44,58,1727,Medium
STU00362,72.59,150,207,65.15,65.15,92.13,36,56,45.39,27.8,26.0,25.6,79.4,6.5,3.19,37.6,71.91,20.61,29.22,25.67,188,7.3,98,2355,158,32,46,2493,High
STU00363,63.32,133,212,66.94,66.94,79.28,38,56,61.58,30.0,23.4,24.8,78.2,4.85,7.65,33.93,63.76,27.16,29.03,22.56,244,7.2,72,1826,142,34,46,2186,Medium
STU00364,70.15,149,215,58.42,58.42,66.08,31,53,48.18,26.6,23.8,23.2,73.6,8.22,3.72,39.98,60.53,28.37,33.04,27.3,271,6.2,109,1502,133,42,45,2039,High
STU00365,67.34,151,222,57.58,57.58,58.65,31,54,74.54,30.4,26.8,27.4,84.6,5.4,7.35,48.76,63.69,31.33,34.04,23.4,297,5.9,74,1713,127,61,50,2452,Low
STU00366,78.35,172,221,62.73,62.73,71.2,33,53,52.73,30.8,23.0,27.0,80.8,6.82,6.3,37.78,78.93,26.25,35.47,25.57,300,5.4,98,1396,156,49,62,2187,High
STU00367,67.44,145,214,60.91,60.91,64.2,31,49,46.6,27.2,22.6,24.2,74.0,9.23,2.24,51.28,60.46,29.71,34.18,25.05,225,4.2,79,1850,148,54,60,2300,Medium
STU00368,77.76,155,199,65.58,65.58,50.6,36,54,52.51,29.6,25.0,25.6,80.2,5.91,3.52,31.83,70.28,23.48,39.94,28.64,295,4.3,85,1912,124,59,57,2634,High
STU00369,84.91,173,203,71.88,71.88,77.96,39,55,79.63,29.2,23.8,24.6,77.6,9.22,6.74,47.56,66.01,20.55,28.74,17.24,205,4.9,79,1785,133,38,45,2253,Low
STU00370,69.63,138,199,63.67,63.67,50.87,32,52,58.01,31.4,25.4,23.2,80.0,9.51,5.04,37.05,60.48,23.48,32.3,27.97,288,7.3,89,1938,129,59,47,2800,Low
STU00371,84.02,178,214,64.28,64.28,69.17,32,48,43.42,32.4,23.0,21.8,77.2,5.49,2.42,34.02,74.23,18.99,28.02,23.09,289,5.4,55,1353,171,58,51,2843,High
STU00372,78.56,161,208,67.09,67.09,63.48,36,53,54.04,32.6,22.0,24.2,78.8,6.32,5.3,53.9,61.26,23.41,38.01,19.2,281,5.4,71,1951,169,60,56,2217,Medium
STU00373,77.81,174,220,57.78,57.78,74.31,28,49,55.5,27.8,23.6,24.4,75.8,6.99,7.07,30.28,61.24,26.21,40.4,31.0,287,5.6,73,1921,171,58,39,2288,Medium
STU00374,77.16,151,199,61.36,61.36,57.61,33,55,58.41,29.0,21.4,24.6,75.0,4.84,6.53,37.97,69.6,21.72,30.67,23.46,287,5.8,86,2249,169,45,36,2934,Medium
STU00375,80.11,179,221,65.05,65.05,78.7,34,53,52.96,31.6,19.4,26.6,77.6,7.12,2.4,32.17,55.94,24.87,24.95,34.6,222,6.1,98,1822,134,53,47,1910,High
STU00376,71.97,159,220,69.67,69.67,68.51,33,47,47.14,27.2,19.0,25.2,71.4,5.51,6.03,45.67,63.65,32.01,32.72,23.35,264,4.1,75,1932,167,40,41,2091,High
STU00377,69.65,152,218,72.17,72.17,63.98,37,51,50.19,29.4,22.2,27.6,79.2,8.04,3.24,43.36,73.82,27.42,32.28,27.25,303,5.9,84,2345,130,62,47,1915,High
STU00378,62.38,129,206,64.95,64.95,71.7,33,49,57.43,29.2,19.8,25.8,74.8,7.16,5.3,36.36,60.41,28.94,34.23,26.13,198,6.7,90,2022,172,44,34,1982,Medium
STU00379,82.42,164,198,75.56,75.56,62.36,35,45,66.55,30.6,25.8,25.8,82.2,6.79,3.82,38.13,66.94,21.9,35.64,30.99,346,5.0,80,1839,151,50,47,2224,Medium
STU00380,72.24,149,206,63.73,63.73,66.34,29,46,65.14,30.4,17.4,26.6,74.4,7.77,4.93,38.47,70.17,29.21,24.28,31.34,256,4.2,67,2146,143,62,55,2408,Medium
STU00381,87.41,184,213,65.79,65.79,71.14,31,48,63.9,27.6,26.0,24.4,78.0,6.02,2.82,37.14,69.87,19.49,30.02,24.98,233,6.4,79,1450,179,56,58,2316,Medium
STU00382,82.34,172,208,65.0,65.0,77.69,32,49,55.71,32.0,25.6,23.6,81.2,6.27,5.64,40.62,69.74,28.8,36.07,25.1,273,4.7,84,1991,144,51,48,2662,Medium
STU00383,70.95,165,231,73.89,73.89,82.67,37,50,79.34,27.8,23.2,24.8,75.8,9.54,5.12,37.47,69.0,14.85,38.82,20.88,243,4.7,97,1641,139,41,44,2412,Low
STU00384,64.98,134,207,73.94,73.94,67.82,41,55,50.93,32.6,24.6,27.6,84.8,5.66,2.14,47.42,71.12,25.08,35.3,23.77,325,5.5,87,1563,174,53,38,2831,High
STU00385,70.27,144,205,68.0,68.0,83.16,35,51,74.24,29.8,25.4,26.0,81.2,6.52,6.17,47.92,75.14,25.16,39.52,21.51,236,4.9,64,1805,138,52,44,2513,Medium
STU00386,73.41,150,205,86.67,86.67,73.73,46,53,51.84,31.2,19.2,26.6,77.0,4.63,2.16,55.44,63.76,14.51,31.46,25.32,248,4.8,93,1892,137,60,55,2777,High
STU00387,76.69,172,223,48.0,48.0,59.72,25,51,59.75,28.6,18.4,25.6,72.6,4.83,7.69,30.49,67.66,25.23,29.19,22.33,217,5.6,80,1660,194,50,57,2309,Medium
STU00388,71.66,138,192,75.78,75.78,65.84,36,49,80.81,30.2,22.4,24.4,77.0,6.93,7.39,39.75,68.6,20.39,31.08,20.08,348,5.9,74,1902,139,49,46,2525,Low
STU00389,64.72,155,240,74.66,74.66,64.73,35,47,48.7,29.8,25.0,25.0,79.8,5.68,4.96,36.0,71.75,18.99,33.75,32.25,217,6.5,98,1798,140,45,57,2179,High
STU00390,76.17,166,217,52.52,52.52,59.92,27,52,68.65,31.6,21.6,26.8,80.0,8.26,6.8,50.85,71.57,23.76,26.5,23.67,329,5.8,58,1956,167,45,35,2631,Medium
STU00391,68.89,129,190,61.72,61.72,67.72,29,48,45.24,29.4,24.0,24.6,78.0,4.75,4.38,31.3,68.1,24.31,32.9,30.69,360,6.8,85,1356,164,51,53,2401,High
STU00392,73.73,158,212,74.0,74.0,59.42,35,46,78.51,30.2,21.8,25.6,77.6,9.62,6.74,28.78,63.42,25.55,24.21,30.19,192,5.4,91,1554,138,53,53,2375,Low
STU00393,86.18,195,228,52.78,52.78,78.36,25,49,74.26,24.4,23.4,25.0,72.8,6.67,7.06,33.75,74.7,22.59,33.53,21.21,241,5.5,76,1983,107,52,36,2699,Low
STU00394,77.21,164,211,75.0,75.0,70.55,42,56,71.59,29.2,21.0,26.6,76.8,7.78,6.76,38.19,67.31,22.16,30.09,26.78,191,4.1,62,1771,141,50,47,2230,Medium
STU00395,73.12,157,213,63.33,63.33,58.47,31,49,59.21,30.8,20.8,23.6,75.2,8.54,6.03,34.43,60.1,25.68,41.34,20.65,219,5.1,92,1678,140,39,50,2488,Low
STU00396,78.95,174,217,62.58,62.58,72.13,29,46,46.68,33.2,23.4,24.8,81.4,6.03,4.08,39.96,60.38,21.86,37.81,36.34,184,6.8,75,1844,146,43,58,2525,High
STU00397,78.75,161,205,51.18,51.18,70.65,26,52,49.77,27.6,22.6,26.2,76.4,4.94,6.59,38.15,63.62,25.9,35.39,19.63,250,6.5,87,1740,207,44,54,2448,High
STU00398,74.44,158,209,51.34,51.34,72.46,25,49,67.27,30.8,22.4,24.6,77.8,9.37,5.09,34.75,61.11,23.66,39.88,21.96,306,6.5,83,1808,155,47,51,2531,Medium
STU00399,80.64,185,228,63.89,63.89,66.25,32,52,62.28,29.4,24.4,23.6,77.4,9.46,4.44,45.89,71.86,27.17,30.71,20.98,412,5.7,78,1432,183,54,42,1995,Low
STU00400,64.92,136,209,69.34,69.34,47.74,32,46,65.79,30.6,21.0,24.8,76.4,5.13,3.61,31.56,71.18,23.86,31.26,25.66,245,6.0,55,1575,89,45,50,2875,Medium
STU00401,81.63,174,212,48.88,48.88,72.43,25,53,58.1,29.2,22.8,25.0,77.0,4.98,4.14,51.18,61.0,18.9,36.85,26.36,306,3.9,78,1812,145,53,40,2568,High
STU00402,66.63,137,209,71.67,71.67,47.05,34,47,66.28,29.6,24.6,25.6,79.8,8.65,5.9,51.85,79.06,30.79,28.69,28.14,204,5.7,58,1732,173,44,32,2354,Medium
STU00403,78.13,175,222,74.06,74.06,67.16,34,46,42.69,31.0,23.0,26.2,80.2,5.39,2.37,46.04,72.71,20.88,37.68,16.69,231,7.3,82,1857,169,50,37,2454,High
STU00404,74.21,159,215,63.33,63.33,71.04,32,50,65.86,25.2,20.4,25.4,71.0,6.88,4.03,50.31,65.6,30.56,36.42,21.4,262,5.8,90,1963,177,45,44,2328,Medium
STU00405,67.09,146,217,81.67,81.67,63.65,36,44,59.98,31.0,25.8,25.2,82.0,7.01,5.14,51.46,69.97,22.89,37.6,21.16,271,4.4,96,2216,167,47,61,1843,Medium
STU00406,79.08,166,211,70.1,70.1,59.57,37,53,52.9,30.6,20.6,24.0,75.2,8.58,4.46,40.33,67.59,27.21,29.31,28.73,393,5.1,70,1588,151,58,53,2231,Medium
STU00407,80.74,157,193,68.83,68.83,69.58,35,52,34.35,27.6,20.2,24.0,71.8,6.96,1.61,45.3,60.13,26.68,31.39,23.58,288,6.3,88,1720,144,51,51,2624,High
STU00408,74.91,151,200,59.65,59.65,70.36,29,50,72.1,28.6,24.0,23.6,76.2,9.07,5.53,28.1,68.36,22.27,31.26,24.63,196,5.7,78,1880,124,52,57,2851,Low
STU00409,78.48,164,209,53.72,53.72,73.32,25,49,58.56,31.0,25.8,23.4,80.2,6.13,5.44,40.18,66.71,21.81,42.5,33.22,304,6.9,68,1378,144,67,52,2154,Medium
STU00410,64.01,130,202,36.97,36.97,66.01,20,54,58.92,31.4,21.8,24.4,77.6,8.64,6.65,31.8,74.8,24.63,34.11,20.29,224,7.3,84,1852,159,46,48,2381,Low
STU00411,73.4,162,222,69.28,69.28,68.54,33,47,61.85,31.4,20.8,23.6,75.8,6.91,4.85,29.24,64.17,27.12,25.7,24.76,231,5.6,92,2031,160,50,60,1674,Medium
STU00412,85.95,194,226,72.22,72.22,72.02,33,46,52.67,30.2,20.6,24.6,75.4,9.28,4.81,46.69,62.11,28.38,37.6,25.66,179,4.9,75,1813,122,51,51,1807,Medium
STU00413,68.85,154,224,61.61,61.61,60.19,32,52,58.91,28.0,20.2,24.4,72.6,6.27,7.3,48.35,67.08,30.46,31.59,24.39,297,4.4,72,1457,147,47,50,2343,Medium
STU00414,83.52,172,205,50.42,50.42,61.1,26,52,57.33,28.0,21.8,24.6,74.4,4.78,3.52,43.49,67.73,31.9,33.87,25.16,269,7.4,94,1836,147,44,50,2778,High
STU00415,65.52,128,195,69.82,69.82,52.56,37,53,62.34,24.8,21.0,24.6,70.4,4.59,7.96,51.77,65.82,28.79,27.17,23.06,237,5.0,102,1558,150,41,45,2467,Medium
STU00416,79.45,175,220,68.17,68.17,63.02,31,46,56.72,30.4,25.0,27.0,82.4,5.8,1.31,35.19,59.24,26.74,32.85,25.43,346,5.9,79,2009,142,51,57,2969,High
STU00417,68.66,134,194,49.56,49.56,69.0,24,49,59.03,30.6,23.2,23.4,77.2,7.24,2.31,45.86,66.79,24.91,33.84,33.92,225,6.8,89,1954,177,55,58,2471,Medium
STU00418,81.37,172,210,77.5,77.5,58.25,38,49,75.23,32.0,25.6,24.2,81.8,6.04,6.21,29.17,69.54,30.99,31.81,23.22,279,5.9,86,1415,136,50,69,2272,Low
STU00419,72.31,147,201,79.14,79.14,60.01,35,44,51.37,29.6,21.4,22.6,73.6,7.57,5.88,42.24,66.36,28.22,29.67,28.25,189,5.8,89,1896,110,60,52,2783,High
STU00420,80.86,179,218,59.02,59.02,69.65,27,44,55.6,28.6,21.0,26.6,76.2,6.64,2.29,40.0,67.7,19.06,34.39,16.06,370,5.2,71,2338,118,51,50,1943,Medium
STU00421,73.93,165,224,53.79,53.79,67.45,29,53,52.37,26.0,21.4,24.6,72.0,9.33,3.98,38.56,62.8,22.48,26.33,28.83,300,4.4,82,2009,176,49,51,2572,Medium
STU00422,69.77,152,218,61.67,61.67,53.71,32,51,56.88,32.6,20.0,25.4,78.0,5.74,5.74,43.32,65.19,19.02,38.94,33.8,186,6.4,65,1990,176,41,49,2361,Medium
STU00423,73.14,148,206,59.33,59.33,51.17,28,49,55.45,28.2,23.0,26.2,77.4,8.95,4.4,39.9,61.82,22.37,35.1,32.73,243,5.5,91,1842,121,38,52,2887,Medium
STU00424,82.49,179,216,74.2,74.2,52.81,34,47,39.88,28.6,26.0,25.6,80.2,5.63,1.34,58.18,66.81,23.59,32.6,30.73,213,4.6,91,1712,125,38,56,2451,High
STU00425,76.92,172,226,60.11,60.11,62.42,29,49,52.53,30.4,20.4,24.8,75.6,8.68,3.64,42.94,63.91,26.44,37.14,27.89,245,7.1,72,1954,140,54,39,1968,Medium
STU00426,73.75,168,228,72.22,72.22,49.51,36,49,47.09,32.2,23.6,26.0,81.8,9.78,2.06,35.32,67.27,15.14,37.15,19.83,291,6.1,105,1385,164,50,41,2488,Medium
STU00427,69.64,144,209,56.39,56.39,62.4,30,53,50.21,29.2,19.8,25.0,74.0,9.81,3.29,45.16,69.49,23.98,34.85,15.89,257,5.7,63,1984,151,47,45,2099,Medium
STU00428,76.01,170,223,64.46,64.46,62.89,31,48,54.54,30.6,23.8,24.4,78.8,5.09,6.69,36.17,71.05,31.6,34.46,30.75,315,5.8,80,1423,152,55,54,2063,Medium
STU00429,65.18,156,239,63.33,63.33,90.4,30,48,69.59,28.8,25.0,24.6,78.4,8.59,5.35,36.78,70.01,25.49,35.87,12.48,226,7.5,71,1618,157,50,34,2466,Medium
STU00430,75.94,155,203,57.73,57.73,70.32,30,53,54.83,31.4,20.2,24.2,75.8,6.51,1.49,46.38,62.24,26.28,26.32,29.62,345,7.1,78,1696,172,48,41,2208,High
STU00431,72.85,162,221,76.36,76.36,67.28,36,48,69.34,32.2,21.8,24.0,78.0,6.85,6.28,44.3,68.25,21.24,34.28,24.05,214,5.5,63,2154,159,54,57,2919,Medium
STU00432,74.77,149,199,71.67,71.67,66.6,35,50,74.41,32.4,22.8,21.8,77.0,9.26,5.4,37.61,63.54,19.16,37.88,22.72,350,6.2,83,1971,152,50,42,2389,Low
STU00433,79.12,159,203,72.48,72.48,63.28,40,55,60.81,32.4,23.4,25.6,81.4,8.84,2.48,41.83,68.59,24.63,24.44,23.06,201,5.5,88,1867,153,70,48,2574,Medium
STU00434,79.2,177,223,63.05,63.05,75.87,34,53,68.14,30.4,22.2,28.0,80.6,6.9,3.87,48.73,67.24,26.23,32.4,22.71,331,5.2,83,1942,164,38,52,2590,Medium
STU00435,59.69,121,201,66.99,66.99,58.52,35,51,57.14,24.2,24.2,26.0,74.4,8.04,6.97,42.12,61.74,30.32,30.51,28.47,225,4.8,83,1744,156,48,44,2427,Low
STU00436,79.97,173,218,59.7,59.7,67.63,32,55,82.92,28.6,22.4,22.6,73.6,9.99,7.43,49.14,64.92,26.97,34.13,21.73,315,6.3,78,1770,123,55,66,2392,Low
STU00437,65.54,133,206,85.05,85.05,56.73,44,51,73.98,32.4,23.8,26.6,82.8,9.44,5.94,43.47,68.68,21.2,28.71,23.79,272,5.9,52,1769,173,57,54,1919,Low
STU00438,81.65,172,211,61.0,61.0,61.28,33,54,43.31,35.6,23.8,25.8,85.2,9.33,2.51,36.15,71.43,24.61,30.91,33.49,260,7.3,79,2212,157,58,41,1794,High
STU00439,81.7,167,205,59.77,59.77,65.69,28,49,52.95,30.4,23.8,26.0,80.2,4.54,5.69,44.44,64.38,21.67,36.04,24.01,174,4.5,66,1879,142,57,43,2483,High
STU00440,69.89,144,205,71.48,71.48,83.94,34,48,64.45,31.0,22.8,23.2,77.0,5.27,3.64,38.35,61.7,21.39,41.32,28.4,365,6.4,63,1828,152,28,59,2448,Medium
STU00441,70.57,139,197,71.11,71.11,67.37,35,50,79.18,27.6,18.2,23.8,69.6,8.91,7.42,51.54,71.55,30.75,34.14,32.76,234,6.3,80,1634,164,46,48,2835,Low
STU00442,78.84,167,209,71.51,71.51,74.91,37,51,58.65,36.4,22.8,23.8,83.0,8.66,4.6,49.6,67.06,26.31,27.32,20.56,272,6.0,70,1658,138,51,62,2331,Low
STU00443,78.6,160,200,69.94,69.94,85.04,39,56,29.2,25.8,19.4,25.0,70.2,5.01,1.17,52.8,69.01,20.93,39.29,26.03,224,6.1,82,1578,184,42,64,2685,High
STU00444,69.53,141,206,57.78,57.78,65.29,31,53,63.23,32.6,23.6,23.4,79.6,9.51,7.58,46.58,64.51,19.61,33.9,20.53,212,5.4,93,1430,151,52,45,2695,Low
STU00445,70.1,147,207,67.24,67.24,74.71,36,54,57.65,24.8,22.6,26.4,73.8,4.67,1.57,42.26,60.61,26.58,32.53,26.54,194,6.2,98,1943,137,44,55,2657,High
STU00446,73.49,159,216,76.16,76.16,70.71,37,48,52.0,25.2,22.8,26.6,74.6,5.97,1.04,42.11,68.84,23.36,19.04,31.41,214,6.7,93,1675,153,39,53,3039,High
STU00447,73.44,166,226,65.94,65.94,48.29,33,51,70.01,25.0,19.2,27.0,71.2,9.88,6.63,39.89,69.22,28.81,30.23,29.98,157,4.8,79,1978,145,58,43,2358,Low
STU00448,72.33,145,202,66.0,66.0,70.41,32,48,63.29,34.6,22.6,26.4,83.6,9.58,4.54,40.62,66.22,23.6,29.46,24.19,240,4.7,88,2223,163,54,56,2305,Medium
STU00449,86.36,185,211,67.71,67.71,75.11,36,53,77.63,34.8,25.2,23.8,83.8,7.76,7.6,49.12,63.98,14.44,27.64,21.64,337,5.3,83,2070,177,63,38,2340,Low
STU00450,74.79,164,219,54.78,54.78,79.87,26,48,56.8,26.6,20.8,24.6,72.0,5.84,3.81,50.03,65.95,21.59,28.36,12.92,259,4.9,89,1740,161,61,41,2651,Medium
STU00451,70.8,164,230,87.33,87.33,76.71,41,47,52.98,33.0,20.6,25.8,79.4,5.93,3.6,45.59,66.06,24.92,32.52,22.82,258,5.6,69,1834,112,46,64,2281,High
STU00452,64.12,138,215,64.13,64.13,66.26,34,52,61.66,32.8,23.0,24.0,79.8,9.5,4.97,41.96,71.51,29.14,32.63,33.5,306,4.2,78,1809,141,48,54,2429,Low
STU00453,75.06,156,207,74.55,74.55,71.5,38,51,79.06,27.0,22.2,24.0,73.2,7.87,6.76,42.34,68.37,24.84,22.78,28.95,315,5.4,81,1900,157,59,47,2281,Low
STU00454,66.79,139,210,69.27,69.27,73.57,34,50,45.53,33.6,19.8,25.6,79.0,5.91,5.21,49.86,71.18,20.84,37.86,24.31,244,5.9,72,1536,143,43,40,2436,High
STU00455,79.21,162,203,71.09,71.09,76.83,32,46,60.3,32.2,21.4,24.4,78.0,6.97,5.57,36.35,60.28,20.17,32.27,21.78,288,4.5,55,1882,152,51,41,2396,Medium
STU00456,77.18,161,207,66.17,66.17,66.16,31,47,61.29,30.4,22.2,23.6,76.2,8.02,4.88,41.02,70.33,29.21,28.9,17.86,275,5.8,77,2231,129,48,48,2845,Low
STU00457,81.68,182,224,69.14,69.14,60.02,31,44,61.44,26.4,24.8,23.4,74.6,4.69,4.76,50.29,66.62,22.0,20.21,27.79,343,6.1,95,1946,158,53,52,2341,High
STU00458,73.22,150,203,69.29,69.29,65.23,36,52,54.97,32.8,26.8,26.4,86.0,7.84,3.56,38.79,70.15,25.39,34.86,26.38,231,4.5,79,1611,136,55,46,2343,Medium
STU00459,85.03,189,222,65.83,65.83,55.34,32,47,69.77,29.6,25.2,24.8,79.6,5.2,4.83,31.28,66.61,24.88,32.4,17.84,304,4.7,89,1782,133,41,48,2466,Medium
STU00460,76.44,158,212,75.05,75.05,55.92,39,53,34.13,32.0,25.0,27.4,84.4,6.05,1.59,35.68,70.16,28.36,37.12,21.46,276,4.8,65,1940,132,57,43,2795,High
STU00461,81.02,189,232,62.45,62.45,62.28,28,44,67.03,29.6,25.8,23.2,78.6,7.64,4.14,32.89,73.15,24.06,39.66,24.32,238,6.5,88,1979,139,40,54,2049,Medium
STU00462,74.7,159,214,77.44,77.44,67.48,35,47,84.21,30.0,22.4,25.4,77.8,9.34,6.74,43.88,62.96,33.34,24.98,26.96,304,6.8,78,1654,160,61,55,2499,Low
STU00463,71.97,166,232,66.18,66.18,69.23,30,45,80.28,27.0,22.0,25.4,74.4,9.61,7.7,32.92,67.45,24.54,30.26,27.5,259,5.5,70,1770,167,37,39,2193,Low
STU00464,66.69,145,219,68.09,68.09,76.2,37,54,57.66,31.2,25.0,23.4,79.6,9.2,2.62,45.36,68.31,29.32,30.79,29.33,218,5.7,71,2058,123,34,62,2565,Medium
STU00465,80.06,177,221,79.98,79.98,65.06,42,52,55.54,30.8,21.2,23.8,75.8,7.82,4.92,38.35,65.95,26.85,26.15,26.09,209,4.8,95,2007,135,59,48,2906,High
STU00466,79.79,174,221,73.71,73.71,64.61,33,47,56.06,28.0,24.2,25.4,77.6,9.8,3.16,36.48,62.26,26.35,36.99,21.39,183,6.4,110,1786,137,42,40,2423,Low
STU00467,71.97,145,202,65.82,65.82,72.37,35,53,37.07,30.8,22.4,25.4,78.6,5.15,2.9,36.0,64.82,26.41,38.06,27.76,154,5.9,91,1707,141,45,59,2354,High
STU00468,67.76,146,214,65.89,65.89,73.35,29,45,51.59,33.0,22.8,25.6,81.4,8.57,3.98,52.7,75.11,27.83,42.94,27.91,226,5.6,60,1994,112,51,46,2776,Medium
STU00469,91.09,173,189,62.78,62.78,54.76,29,49,48.2,31.0,25.8,26.4,83.2,6.86,1.58,40.57,69.95,26.51,30.59,27.89,243,6.7,41,1990,147,42,47,2646,High
STU00470,67.13,139,204,56.51,56.51,69.75,30,52,54.05,28.2,24.8,24.8,77.8,9.58,3.38,41.85,61.01,28.36,34.44,20.97,197,6.1,106,1728,131,37,53,2153,High
STU00471,76.42,164,212,73.25,73.25,64.62,36,50,40.94,34.4,20.6,26.2,81.2,6.5,2.35,41.62,74.88,28.24,29.08,28.49,232,4.6,85,1691,173,62,41,2726,High
STU00472,78.06,177,225,56.98,56.98,56.25,28,49,64.72,31.6,19.8,25.8,77.2,5.3,7.73,36.46,68.82,25.82,32.01,29.69,237,5.6,96,1805,130,53,49,1926,Low
STU00473,74.38,162,216,61.09,61.09,58.45,29,49,62.99,27.2,23.2,22.0,72.4,8.98,4.2,39.17,65.1,22.95,27.35,22.68,240,4.3,74,1550,183,32,44,2737,Medium
STU00474,72.47,160,221,58.73,58.73,66.22,30,52,42.16,28.6,25.0,24.8,78.4,5.15,3.24,37.92,69.08,21.44,34.67,23.27,241,5.9,82,1960,111,66,55,2130,High
STU00475,71.62,158,221,63.61,63.61,77.32,32,49,57.08,29.0,25.0,24.6,78.6,6.46,7.88,44.26,69.4,21.0,22.46,23.27,329,6.8,78,1945,131,48,60,2438,Medium
STU00476,76.24,156,200,64.33,64.33,80.98,34,53,62.09,32.8,27.4,26.8,87.0,4.61,4.29,41.66,68.29,26.39,28.79,19.92,331,4.8,76,1852,126,47,51,2660,High
STU00477,75.59,158,207,44.69,44.69,68.61,22,51,54.7,31.6,25.2,25.4,82.2,8.66,4.21,39.92,63.84,23.54,26.92,20.58,269,4.7,99,2161,163,43,45,1853,High
STU00478,68.26,146,214,67.78,67.78,65.69,35,51,46.33,33.4,27.8,25.2,86.4,6.05,3.92,33.38,65.48,31.03,38.81,26.22,282,5.2,86,1715,126,51,41,2997,High
STU00479,79.39,173,217,69.83,69.83,65.37,33,49,74.69,26.4,21.8,24.8,73.0,8.59,7.63,41.04,68.95,23.44,30.43,20.91,223,5.5,70,1708,162,38,39,2728,Low
STU00480,84.63,191,223,69.09,69.09,71.25,38,55,55.93,31.0,22.0,23.4,76.4,7.97,2.54,42.7,66.68,25.92,31.09,26.08,168,5.7,91,1817,177,27,60,2678,Medium
STU00481,76.15,174,229,63.3,63.3,59.21,35,56,57.94,29.8,21.4,24.4,75.6,8.62,1.49,29.33,68.53,29.66,31.95,28.38,253,6.0,81,2105,128,40,50,2321,High
STU00482,67.12,141,214,74.67,74.67,62.98,36,50,69.15,36.8,20.4,25.4,82.6,8.12,5.15,34.9,63.33,23.85,36.71,26.48,245,5.7,77,1726,186,54,43,2725,Medium
STU00483,77.05,166,213,82.55,82.55,71.32,41,50,68.7,29.0,23.6,27.0,79.6,7.26,7.13,42.92,68.79,22.74,34.42,28.05,260,5.1,73,1638,177,65,60,2244,Low
STU00484,68.28,146,213,54.86,54.86,55.83,27,51,62.68,25.6,22.8,26.6,75.0,7.29,6.82,32.79,72.14,23.52,25.37,21.52,298,4.9,75,1694,152,54,43,2717,Medium
STU00485,63.97,133,206,74.55,74.55,56.33,39,52,56.65,32.2,23.6,25.4,81.2,7.88,2.15,51.96,62.81,24.49,25.87,25.99,248,5.5,82,2143,113,47,57,3023,Medium
STU00486,75.87,142,189,82.06,82.06,57.32,37,45,62.66,30.6,19.4,23.6,73.6,8.69,7.89,37.5,67.02,23.21,30.3,21.55,274,5.2,94,1836,127,43,51,2519,Low
STU00487,60.58,132,217,75.68,75.68,70.57,40,53,41.3,29.8,24.0,26.4,80.2,7.99,1.45,36.14,65.7,29.29,37.69,23.54,226,6.2,77,1674,155,56,57,2144,High
STU00488,72.64,151,207,59.44,59.44,73.33,32,54,73.68,31.6,22.6,23.4,77.6,9.82,6.4,32.38,67.84,18.01,26.64,19.0,305,5.3,86,1714,144,58,48,2291,Low
STU00489,60.92,125,206,62.23,62.23,73.04,33,54,71.23,25.8,23.0,24.2,73.0,7.43,7.66,42.34,76.98,26.51,33.87,26.19,252,5.0,61,2052,150,50,48,2765,Low
STU00490,68.19,138,205,59.66,59.66,65.84,29,50,59.62,26.6,22.0,26.6,75.2,5.13,5.35,48.93,67.27,18.14,29.31,25.46,265,6.4,74,1810,158,40,43,2347,Medium
STU00491,66.57,137,205,53.94,53.94,71.37,31,57,55.16,34.8,19.2,26.2,80.2,5.31,7.55,43.88,64.55,32.54,29.59,20.88,204,5.4,75,1953,134,56,54,2391,Medium
STU00492,71.29,145,206,73.03,73.03,63.27,37,49,52.76,28.2,23.0,25.2,76.4,5.06,4.64,51.72,71.28,29.31,26.53,25.76,352,4.4,96,1739,178,68,53,2303,High
STU00493,80.79,183,223,54.4,54.4,76.57,26,49,56.33,29.2,25.8,25.4,80.4,6.64,3.85,29.67,66.17,27.27,35.1,32.85,227,4.9,65,1977,154,58,40,2468,High
STU00494,72.89,160,223,48.12,48.12,66.86,25,52,44.68,28.2,21.0,23.0,72.2,7.57,1.37,30.61,71.17,25.83,32.35,25.65,209,4.2,93,1445,182,45,49,2632,High
STU00495,60.51,132,218,80.06,80.06,64.25,37,46,58.43,29.8,21.4,26.0,77.2,9.01,2.93,47.71,63.56,15.65,28.89,25.66,231,6.0,95,1928,152,54,42,2024,High
STU00496,77.37,168,217,45.8,45.8,61.76,22,48,48.14,30.4,20.0,22.0,72.4,6.57,2.57,37.92,69.4,20.73,36.28,24.81,310,4.0,58,2506,154,47,43,2694,High
STU00497,85.82,187,216,63.17,63.17,61.14,30,48,42.58,28.8,25.2,27.0,81.0,8.2,1.96,37.18,69.76,23.79,26.45,21.26,237,5.0,80,1626,195,52,58,2408,High
STU00498,80.06,179,222,54.72,54.72,71.35,25,48,56.4,35.8,23.2,25.4,84.4,6.5,6.74,32.34,72.24,20.68,37.18,20.93,184,6.0,88,1999,168,46,43,2093,Medium
STU00499,72.74,158,217,72.33,72.33,57.31,35,50,41.16,31.4,22.2,27.2,80.8,8.79,1.03,55.42,64.29,20.02,36.7,15.1,283,5.0,91,1478,120,48,48,2017,High
STU00500,74.84,163,218,70.0,70.0,65.12,33,49,34.36,32.4,25.2,24.2,81.8,4.82,2.11,41.55,62.73,24.18,35.57,36.86,238,5.6,85,2134,147,45,49,2708,High
